common_name,season,month,month_name,n_years,intercept,temperature_beta,humidity_beta,prcp_beta,temperature_standardized_beta,humidity_standardized_beta,prcp_standardized_beta,r_squared,adjusted_r_squared,rmse,dominant_environment_factor,dominant_standardized_beta,dominant_effect_direction
Richard's Pipit,Spring,5,May,9,0.0061052245947924196,0.00014392590005092294,-0.00011839505830564931,-1.3863613355761791e-05,0.1434375702037197,-0.7230326575208282,-0.2920124237339592,0.9827520656983991,0.9724033051174386,0.00012481993852269736,Humidity,-0.7230326575208282,Negative
Dunlin,Autumn,9,September,8,-0.018839539094469223,0.0012702194930995744,-0.00011779737032270022,3.6057334293910917e-06,0.7738145650181923,-0.880306165943605,0.1545835290297084,0.9683169644101782,0.9445546877178119,0.00021365405293564293,Humidity,-0.880306165943605,Negative
Baer's Pochard,Spring,4,April,8,-0.0006630911007396805,0.0001124162811402011,-3.0113506982375874e-06,-1.937621838785789e-05,0.33469353202651003,-0.06829282447363902,-1.0194351386970013,0.9675603767691145,0.9432306593459505,4.849315401112732e-05,Precipitation,-1.0194351386970013,Negative
Eurasian Goshawk,Autumn,9,September,9,-0.006244734239140004,8.718557807565374e-05,0.00011041021735294342,-1.4792427533008184e-05,0.08604737306781499,1.4050574379367367,-1.0266618425955065,0.9497731870825189,0.9196370993320302,0.00015929809604965628,Humidity,1.4050574379367367,Positive
Red-throated Pipit,Spring,5,May,9,0.007576928472008276,-9.158067916143075e-05,-9.579573776547935e-05,-1.7134045701819637e-06,-0.15296384955498235,-0.980463664284271,-0.06048473625294618,0.9483633258745378,0.9173813213992604,0.00012886458267930175,Humidity,-0.980463664284271,Negative
Black-browed Reed Warbler,Autumn,9,September,9,-0.005862292883981091,0.00021303237649716145,0.0001261803281055924,4.384631865185374e-05,0.04653185384810679,0.35537612220158543,0.673492687610485,0.941421469641171,0.9062743514258736,0.0007773206980333708,Precipitation,0.673492687610485,Positive
Yellow-browed Warbler,Autumn,10,October,9,0.008917621318377006,0.00013120121886478784,-3.0435428269644706e-05,0.00011556118825316486,0.035056560056525285,-0.06979517552723755,1.0337604804932172,0.9261640935302698,0.8818625496484318,0.0010217634473602862,Precipitation,1.0337604804932172,Positive
Dusky/Naumann's Thrush,Winter,2,February,8,0.00022019111282866767,0.00036541336763874554,2.753326828279717e-06,0.0001206921916094018,0.3974169863501432,0.0222012232888998,0.6468910834831479,0.9167614538132306,0.8543325441731535,0.00035510265177228484,Precipitation,0.6468910834831479,Positive
Eurasian Nuthatch,Spring,3,March,9,-0.009416369881951275,0.0005933223792198743,0.00010427244806222828,3.43668168753012e-05,0.5476408036888198,0.9082417858813436,0.23740050235691365,0.9004696240848422,0.8407513985357475,0.00027611885073980635,Humidity,0.9082417858813436,Positive
Plumbeous Redstart,Winter,1,January,8,0.018404520203031457,0.0015203750835594716,-0.00027265267703912064,0.0003004759495725067,0.5787576417987239,-0.9188574232049136,0.2202306837247049,0.9084208685665517,0.8397365199914655,0.0007310348798189757,Humidity,-0.9188574232049136,Negative
Marsh Sandpiper,Spring,5,May,9,0.009328725497631788,-0.00021634675938111188,-8.179943419900152e-05,1.7005808740622831e-06,-0.4573016527215419,-1.0595050925396936,0.07597148095710472,0.8970290689207115,0.8352465102731385,0.0001437951799834534,Humidity,-1.0595050925396936,Negative
Eurasian Bittern,Winter,12,December,9,0.008035660964587642,-0.0006660115723886197,-0.0001399155065094438,-2.280139466887104e-05,-0.45592099369567,-0.6220595799346791,-0.06975739728953231,0.8923437701884476,0.8277500323015161,0.0005873147585855076,Humidity,-0.6220595799346791,Negative
Green-backed Flycatcher,Spring,5,May,9,0.013204983251681613,-0.0005368003572483341,-1.0546229722502431e-05,2.600705765160455e-05,-0.632093068551977,-0.07609670130183845,0.6472325907546321,0.891370053464587,0.8261920855433391,0.00026512210337464474,Precipitation,0.6472325907546321,Positive
Tundra Swan,Spring,4,April,8,0.02953749561135026,-0.0015517218653338547,-8.47892494292879e-05,5.596371740839117e-05,-0.9287929789213476,-0.38658185725418626,0.5919487009390137,0.8894056961253773,0.8064599682194104,0.00044537103823029536,Temperature,-0.9287929789213476,Negative
Asian Short-toed Lark,Autumn,10,October,8,-0.0040757968126371846,0.0007631876283639335,-8.036713174365941e-05,1.2624844199351235e-05,1.070668182656753,-0.8893095261304291,0.5400493655036157,0.8893690494889147,0.8063958366056008,0.00025172194616781846,Temperature,1.070668182656753,Positive
Swinhoe's White-eye,Summer,8,August,8,-0.009973217215355998,-0.0005507449121714337,0.00039680330338674166,-2.2260699283635046e-05,-0.4026411455586508,1.590116741461386,-1.4701314080593897,0.8857433796524372,0.8000509143917651,0.0003555554725701762,Humidity,1.590116741461386,Positive
Amur Falcon,Autumn,10,October,9,0.006191983285072469,-0.0009299038291052526,0.00016290126314060327,-1.4229676691671314e-05,-0.6919151909504048,1.040288599663794,-0.3544756113943265,0.8715061739365171,0.7944098782984274,0.0004840322362351779,Humidity,1.040288599663794,Positive
White-throated Needletail,Spring,5,May,8,0.0022688892427834757,-7.88846658130205e-05,-9.74597313547242e-06,6.630315599261578e-06,-0.4540260311180186,-0.41034522854947725,1.002958848796942,0.8823573135890258,0.7941252987807952,4.666924247252402e-05,Precipitation,1.002958848796942,Positive
Taiga Flycatcher,Autumn,9,September,9,0.01683884298383513,-0.0007048379562818378,0.0002536515921789729,3.304016894692591e-05,-0.12788503032611692,0.5934168431476612,0.42156805372432377,0.8710414011072493,0.7936662417715988,0.0013884507030176184,Humidity,0.5934168431476612,Positive
Chinese Penduline-Tit,Spring,5,May,9,-0.014197430385788745,0.0006896185585619425,3.4832830220845916e-05,-2.938430589186544e-05,0.7157987424662844,0.22154967936957773,-0.6446119502725088,0.8682430131478479,0.7891888210365566,0.0003312411029110317,Temperature,0.7157987424662844,Positive
Wood Sandpiper,Spring,5,May,9,0.017302124736201855,-0.00033399775643721733,-0.00015530783281186215,3.19316929155378e-06,-0.36617511634692185,-1.0433715979435703,0.07398916875772778,0.8637738367100345,0.7820381387360552,0.00031887786189429694,Humidity,-1.0433715979435703,Negative
Japanese Quail,Autumn,9,September,8,-0.010071143075254665,0.0007907771634530499,-8.9511468577484e-05,4.65390506150502e-06,0.611602136062343,-0.8804266187298332,0.24232830986718923,0.8628026033684859,0.7599045558948503,0.00035629815559632636,Humidity,-0.8804266187298332,Negative
Baikal Teal,Winter,1,January,9,0.01235700396011936,0.0001861928148560246,-0.00018783491277414924,-0.0007859866293541536,0.06796569932313651,-0.6404984759075327,-0.5497153316164647,0.8484197150452278,0.7574715440723645,0.0009311191876581021,Humidity,-0.6404984759075327,Negative
Eurasian Spoonbill,Spring,5,May,9,0.017337587047433385,-6.333379683536691e-05,-0.0002796274562509325,1.0929683119674105e-05,-0.03740347240912484,-1.0119442384484938,0.13642215140077404,0.8473892958622482,0.7558228733795971,0.0006265496412648452,Humidity,-1.0119442384484938,Negative
Chinese Sparrowhawk,Summer,6,June,8,-0.09097408607941121,0.0026724358613598887,0.0003819618398450595,1.306791039139622e-05,1.9465605849061072,2.015827896291274,0.5199738579043615,0.8477538170837353,0.7335691798965368,0.0004204447340233523,Humidity,2.015827896291274,Positive
Falcated Duck,Winter,2,February,9,0.011901841547383926,-0.0008638366236110895,-0.0002058046030902028,0.0006794573726462854,-0.3769065858236026,-0.6673841861789149,1.4574459544265006,0.8263619349477992,0.7221790959164787,0.0012140341112379055,Precipitation,1.4574459544265006,Positive
Caspian Tern,Autumn,9,September,9,-0.0027477210594982534,0.0008100149874557534,-0.0002049530363933482,1.4932070566699277e-05,0.3396597586208478,-1.1081466744251716,0.4403176370499776,0.8221276001748882,0.7154041602798211,0.0007055681684679181,Humidity,-1.1081466744251716,Negative
Whooper Swan,Spring,4,April,8,-0.0035839525589638874,0.00019058976660412058,-8.719551351600703e-06,9.214266233515639e-05,0.10448739499031454,-0.036412801757378405,0.8926835933634955,0.834301466436679,0.7100275662641883,0.0005951900266409282,Precipitation,0.8926835933634955,Positive
Little Bunting,Spring,5,May,9,0.0504897946455689,-0.001262036349356964,-0.0002515660970708772,-4.10901721476139e-05,-0.5354627490547209,-0.654048394269316,-0.36846503795829766,0.8136790124272755,0.7018864198836408,0.0009636356857024228,Humidity,-0.654048394269316,Negative
Dark-sided Flycatcher,Spring,5,May,9,0.01281829886052171,-0.00054680885967721,6.747210386103839e-05,1.8179880396505566e-05,-0.4727195593182068,0.357431360252806,0.3321696712624015,0.794958875506846,0.6719342008109536,0.0004961258356788672,Temperature,-0.4727195593182068,Negative
Yellow-browed Warbler,Spring,5,May,9,0.04339961884336575,-0.0014895212786379722,8.351642838709394e-05,-2.9025940736860804e-05,-0.8136080267208542,0.27953796437589207,-0.33508558274364786,0.7939697134690318,0.6703515415504508,0.0007871117687763075,Temperature,-0.8136080267208542,Negative
Dollarbird,Summer,7,July,9,0.0025298332024387134,-0.000236626410942235,6.095241045924088e-05,4.4378148995655385e-06,-0.3648625102688978,0.574699934079374,0.8560473260644487,0.7907949276317628,0.6652718842108205,0.00026501561190999035,Precipitation,0.8560473260644487,Positive
Little Owl,Winter,2,February,8,0.0007530662943714077,-0.0010568302782593749,-4.57811087286683e-06,0.00013141161367235954,-1.6373547518097735,-0.06140504009946294,1.1306171038920236,0.807735552530339,0.6635372169280933,0.0003275627174658455,Temperature,-1.6373547518097735,Negative
Pallas's Grasshopper Warbler,Summer,6,June,9,0.13691917637567966,-0.003939450422098997,-0.0005532668851963432,2.6269832349514625e-05,-1.811907600204565,-1.8443087304514885,0.6865950923577469,0.7857290197026492,0.6571664315242387,0.0007474362517068152,Humidity,-1.8443087304514885,Negative
Eurasian Skylark,Autumn,9,September,9,0.029073470459456265,-0.0008479353286036366,-0.0001211295087822121,-1.7348878022363098e-06,-0.3888570935230612,-0.716257364159823,-0.05594917602671017,0.7857250797848169,0.657160127655707,0.0007080992179898814,Humidity,-0.716257364159823,Negative
Red-throated Thrush,Winter,2,February,9,-0.0010500773555629508,0.0005038687385557436,0.00029751916658969304,-0.000830871051350808,0.17839730039510265,0.7828968159136841,-1.4462142011217631,0.7852543179549338,0.6564069087278941,0.001663802951551122,Precipitation,-1.4462142011217631,Negative
Reed Bunting,Spring,3,March,8,-0.0010028761427284586,-1.6622215500635768e-06,3.3397773325444004e-05,2.6951445972382694e-05,-0.0033831543607591888,0.6376007572327935,0.36805422548191674,0.8020831033849778,0.6536454309237112,0.00018727374593970191,Humidity,0.6376007572327935,Positive
Gray-headed Lapwing,Spring,5,May,9,-0.0007085065740685299,0.0003861182558672865,-0.00011534658121948644,-5.599869043439331e-06,0.3438249469032231,-0.6293933470683494,-0.10538913625781203,0.7804554834482793,0.6487287735172469,0.0004984064268863457,Humidity,-0.6293933470683494,Negative
Common Sandpiper,Spring,5,May,9,0.018057621458529585,-0.00019242723899690636,-0.000180438883490388,-1.6512990754509037e-05,-0.1312581722336818,-0.7542065629930136,-0.23806002075311497,0.780186327627703,0.6482981242043249,0.0006510388907328722,Humidity,-0.7542065629930136,Negative
Common Greenshank,Spring,5,May,9,0.0014015068703879337,0.00034066035762656845,-0.00015234798586439324,1.5521872045471245e-06,0.27596829338797396,-0.7562661795115011,0.02657557160229567,0.773723719403612,0.6379579510457791,0.0005561876116791843,Humidity,-0.7562661795115011,Negative
Northern Shoveler,Spring,3,March,8,0.044883705085220806,-0.0028054814851762614,-0.00038796577178975937,0.00027589390847444713,-1.0159973020069444,-1.3178833338646518,0.6703846970040575,0.7902938909029875,0.6330143090802282,0.0010833998216072459,Humidity,-1.3178833338646518,Negative
Pied Harrier,Spring,4,April,9,-0.005150218676219541,0.00044842480184382447,-3.58988588292183e-05,4.0795962901232495e-05,0.4924226826468517,-0.2996044575942236,0.8499884315436496,0.7701009667495533,0.6321615467992853,0.0003464233795084214,Precipitation,0.8499884315436496,Positive
Osprey,Spring,5,May,9,0.008961268689397735,-0.00034070199702687713,-1.5205011243990686e-05,7.00588548761222e-06,-0.8404299753395923,-0.22983383963604703,0.36525049615251515,0.7697679454593094,0.631628712734895,0.00018424487885383817,Temperature,-0.8404299753395923,Negative
Blyth's Pipit,Autumn,9,September,8,5.714441634563389e-06,0.0004706391724612811,-0.00012591631969384565,-1.5876676909697798e-05,0.2323421148920186,-0.6704255783774911,-0.24033653381668516,0.7872834851464228,0.6277460990062398,0.0006620113988506903,Humidity,-0.6704255783774911,Negative
Coal Tit,Spring,5,May,9,-0.0027461427947048185,0.00012499717408302047,3.6235169552838936e-06,1.40363917625454e-05,0.3541172772216855,0.06290390281547359,0.8404334477173738,0.7660434530315847,0.6256695248505355,0.00016171863435504775,Precipitation,0.8404334477173738,Positive
Yellow-streaked Warbler,Summer,7,July,8,0.09674220820363963,-0.0022454728117936953,-0.0003618892970972713,-1.170903912945168e-05,-0.6221979951780107,-0.6253779246076393,-0.4192899131953103,0.7814927799617244,0.6176123649330176,0.0015471452304177346,Humidity,-0.6253779246076393,Negative
Green-backed Flycatcher,Summer,8,August,8,0.010878937013899656,-0.00014588211626042583,-8.846059359137686e-05,2.2339258608636963e-06,-0.30021441789937275,-0.997850344974676,0.4152866213657543,0.7809770946479627,0.6167099156339347,0.0001748838143399406,Humidity,-0.997850344974676,Negative
Little Ringed Plover,Spring,5,May,9,-0.0010154646397056454,0.00035951419967317753,-3.815080449756654e-05,-4.3868279325020525e-05,0.2550371455467952,-0.16584083027634333,-0.6577167713975883,0.7581616890988343,0.6130587025581349,0.0006566206629160396,Precipitation,-0.6577167713975883,Negative
Amur Stonechat,Autumn,9,September,9,0.015505928188383743,-0.00010151454391808004,-4.132871344880121e-05,5.3862347451688535e-05,-0.02593253110085062,-0.13613204677023713,0.9676023681416315,0.7570425675943944,0.6112681081510309,0.001353580827518615,Precipitation,0.9676023681416315,Positive
Eastern Yellow Wagtail,Spring,5,May,9,0.03756631764189338,-0.0007157752593202982,-0.0003535135101891127,2.6426377516668744e-05,-0.3562714996275241,-1.0782284500263268,0.2779988242665115,0.7539352956666898,0.6062964730667038,0.0009439731639201415,Humidity,-1.0782284500263268,Negative
Chestnut-eared Bunting,Spring,5,May,9,0.008350220210706612,-3.467043392627806e-05,-0.0001381515913520804,9.618990031935065e-06,-0.04143203918570605,-1.0116570110065473,0.24294470146621022,0.7531170130314426,0.6049872208503082,0.00039382922017551064,Humidity,-1.0116570110065473,Negative
Eastern Buzzard,Spring,5,May,9,0.013620756467463113,-0.0004578660327845572,-6.42112333888898e-05,1.1602486587126037e-05,-0.8500762930404943,-0.7305179013809883,0.4552725637379091,0.751659808018058,0.6026556928288928,0.00025423972680164834,Temperature,-0.8500762930404943,Negative
Amur Falcon,Summer,8,August,9,0.0015224826537315705,0.002162346391063027,-0.0007461951121552308,3.470548804035539e-05,0.7043879925903557,-1.3318138080305955,1.0278515397804617,0.7498514269678559,0.5997622831485694,0.0011136585416129151,Humidity,-1.3318138080305955,Negative
Brambling,Winter,2,February,9,0.023959225953142406,0.004092854527773195,5.3094494801429474e-05,-0.0008577626621459044,0.9575932355933016,0.09232577624740511,-0.9866202585027611,0.7492937603055445,0.5988700164888712,0.002720434944853014,Precipitation,-0.9866202585027611,Negative
Mongolian Short-toed Lark,Spring,4,April,9,0.009888003055330944,-0.0004492455049149819,-4.8187238665749366e-05,1.6743818977843406e-05,-0.7079894638179088,-0.5771574380096532,0.5006623993049798,0.7416993385698153,0.5867189417117045,0.0002558625661559517,Temperature,-0.7079894638179088,Negative
Black Kite,Autumn,9,September,9,0.023842696692585735,-0.00016175383916820058,-0.0002280739988300705,1.926847784942857e-05,-0.06366322234017802,-1.1574484169487373,0.5333059554482876,0.7411957950655561,0.5859132721048897,0.0009067496233769039,Humidity,-1.1574484169487373,Negative
White-naped Crane,Spring,3,March,9,0.009297080984382209,-0.0006403312291668924,-8.897168801189215e-05,0.00019655017596628577,-0.45054545233141374,-0.5907620611685667,1.035010175878517,0.7390592202739681,0.5824947524383489,0.0005864896535467976,Precipitation,1.035010175878517,Positive
Pale-legged Leaf Warbler,Spring,5,May,8,0.0013203207082993884,-2.440986828889995e-05,-6.375191631049104e-06,-4.317638548166574e-06,-0.17952389810889105,-0.2787348715989323,-0.6790801569269138,0.7542002996881686,0.5698505244542951,6.605960275353483e-05,Precipitation,-0.6790801569269138,Negative
Pied Harrier,Autumn,10,October,8,0.0029136899500238223,-0.0001427353227882212,-2.7382235270128823e-06,-5.952275560241146e-06,-0.6513016284687014,-0.09855314786210931,-0.8281663663715607,0.7515333307556742,0.5651833288224298,0.00011598176156852851,Precipitation,-0.8281663663715607,Negative
Brambling,Spring,5,May,9,0.01200539070840915,-0.00043964702045316286,-2.9560833191933943e-05,-2.643774897405061e-06,-0.8916793534074756,-0.36738516839836155,-0.1133261087275222,0.7143834799157744,0.5430135678652391,0.000249589591729708,Temperature,-0.8916793534074756,Negative
Claudia's Leaf Warbler,Spring,4,April,9,0.0011979259031073793,-8.345318597566171e-05,3.437593756769694e-05,-2.563485889958276e-05,-0.19373631190182275,0.6065154399261808,-1.1291364828341175,0.7126642877977225,0.540262860476356,0.00018319505358080238,Precipitation,-1.1291364828341175,Negative
Chinese Sparrowhawk,Spring,5,May,9,-0.0015356965633654858,0.0001001245859270168,-9.331867029402283e-06,3.162508318085778e-05,0.1352461237423339,-0.0772419106267116,0.9028522727942704,0.7119192893989752,0.5390708630383603,0.0003763677316427188,Precipitation,0.9028522727942704,Positive
Eurasian Nuthatch,Summer,7,July,8,0.06790133863607019,-0.001543541883134684,-0.0002720174134416925,-7.035310392142659e-06,-0.6577982425521276,-0.6734125023816008,-0.3682266675353933,0.735854143760224,0.5377447515803919,0.0011312359394391512,Humidity,-0.6734125023816008,Negative
Black-tailed Godwit,Autumn,9,September,8,-0.003823130623502987,0.0005515657115225617,-9.878044306487739e-05,-2.56046844500799e-06,0.3396353083176749,-0.746150723248459,-0.11095489723995956,0.7250563193715576,0.5188485589002257,0.0006226760588862218,Humidity,-0.746150723248459,Negative
Radde's Warbler,Autumn,10,October,9,0.0016259094175307296,0.00014638508199835498,-4.748245924921272e-05,4.0133548711136224e-05,0.12646700370953826,-0.352069311390191,1.1608188979563203,0.6986940358892018,0.5179104574227228,0.0006383684880041469,Precipitation,1.1608188979563203,Positive
Richard's Pipit,Autumn,9,September,9,-0.008308835411608734,0.0012529641359973968,-0.00019033973950881213,5.063414540262055e-06,0.42537904437040575,-0.8332182433056623,0.12088598159210073,0.6980488581110917,0.5168781729777467,0.0011354463704818768,Humidity,-0.8332182433056623,Negative
Claudia's Leaf Warbler,Summer,7,July,8,0.054648336291121764,-0.001061663314439926,-0.0002203435470660474,-1.760781220860321e-05,-0.3091714432622807,-0.4001832440867653,-0.6626593213573687,0.7191375239064983,0.508490666836372,0.0016689882947966035,Precipitation,-0.6626593213573687,Negative
Long-tailed Shrike,Winter,1,January,8,-0.0035774530746421713,-0.0006498335141035016,0.00010228670999788408,0.00029930893082664116,-0.4192836856071146,0.5842751773393563,0.3718327599751269,0.7167899139626452,0.5043823494346291,0.0007584628836832331,Humidity,0.5842751773393563,Positive
Thick-billed Warbler,Autumn,9,September,9,-0.007429817258563451,0.00023909599426751057,6.552779867767949e-05,8.262446246351465e-06,0.1432628573130264,0.5062659696156716,0.34814884722829587,0.684321623983412,0.4949145983734592,0.0006578045112685603,Humidity,0.5062659696156716,Positive
Eastern Buzzard,Autumn,9,September,8,0.000978176058858668,-0.00014049406684630994,7.852449516460442e-05,-1.047642410613361e-05,-0.16289976911750984,1.1578898451896473,-0.8178003933224459,0.70676033368589,0.4868305839503074,0.00034745965741009234,Humidity,1.1578898451896473,Positive
Japanese Quail,Spring,5,May,9,0.004667557933060039,-1.09723031318058e-05,-6.890090347984451e-05,-6.074301573319476e-06,-0.017730359113499447,-0.682252323760655,-0.20745170559284692,0.6737993946760041,0.4780790314816066,0.000334781948072526,Humidity,-0.682252323760655,Negative
Long-toed Stint,Spring,5,May,9,0.004010924211326215,-3.8698793499944884e-05,-4.037336552746143e-05,-8.293754550211726e-06,-0.08567601657669231,-0.5477181931213359,-0.38807346181500424,0.6735860167229236,0.47773762675667775,0.00024443417307168375,Humidity,-0.5477181931213359,Negative
White-winged Redstart,Winter,1,January,9,0.0012909159236748904,-0.0006248490166854343,-4.0781878753704035e-05,0.0002609430412790879,-0.538261834145036,-0.32817132932741827,0.4306852864846072,0.6733637899422382,0.4773820639075812,0.0005791945366488283,Temperature,-0.538261834145036,Negative
Swinhoe's White-eye,Autumn,9,September,8,-0.021395854168930587,0.00014690897022236202,0.00035028404201405713,-4.3881696460112484e-05,0.03132622068963546,1.2609147468890656,-0.9511614506348167,0.6993300292795541,0.4738275512392197,0.0013065578272308843,Humidity,1.2609147468890656,Positive
Ashy Minivet,Spring,5,May,8,-0.0029639616715857343,0.00020675638657134568,-2.2312421954557713e-05,7.830658937527122e-07,0.6187462350959113,-0.48846827764833095,0.061590353194667956,0.6991664859768875,0.47354135045955303,0.00014353106944931258,Temperature,0.6187462350959113,Positive
Short-toed Snake-Eagle,Spring,5,May,8,0.002440161430766442,-0.00011640759570566093,1.0709233965822763e-05,-2.9581317960319973e-06,-0.6720472705546838,0.45228576951153965,-0.44884539282292396,0.6974008479662945,0.47045148394101544,7.461940803741793e-05,Temperature,-0.6720472705546838,Negative
Wallcreeper,Winter,2,February,8,0.0022106036713720025,0.0002761249695437695,-3.1398444270547685e-05,-5.4722098099154094e-05,0.7001197161703437,-0.5615929354849822,-0.4673473321580294,0.6874800673314154,0.453090117829977,0.00026238190209268105,Temperature,0.7001197161703437,Positive
Pallas's Leaf Warbler,Spring,4,April,9,-0.0142669733172028,0.0022316321852026014,-8.203878274397149e-05,-0.00014927768077773406,0.50553193464165,-0.14124217263948707,-0.6416057687071403,0.6579761493471141,0.4527618389553826,0.0020482797126687106,Precipitation,-0.6416057687071403,Negative
Common Pochard,Winter,1,January,9,0.007366418067717787,0.00035697300548549895,-8.335853002434845e-05,-0.00041388844688438177,0.23031193192192784,-0.5023958242198938,-0.5116349287884762,0.6575506587726199,0.4520810540361918,0.0007918226014391157,Precipitation,-0.5116349287884762,Negative
Pallas's Leaf Warbler,Autumn,9,September,9,-0.013407893597348475,0.00036697415032824703,0.00014849422693737196,-1.1642779360222322e-05,0.19899386349557444,1.0382588190712454,-0.4439723089844656,0.6566562577621315,0.4506500124194105,0.0007580469367105557,Humidity,1.0382588190712454,Positive
snipe sp.,Autumn,9,September,9,0.005472413285044328,0.00010615303712270985,-0.00011517870838950538,1.934459200671117e-05,0.07888560467862935,-1.1036449675744908,1.010927277363454,0.6558465222333039,0.44935443557328614,0.0005537917554232287,Humidity,-1.1036449675744908,Negative
Eurasian Siskin,Autumn,10,October,8,0.0012071868056030845,0.001047150442351069,-0.00023907171775765628,6.091875656413075e-05,1.1326030757501522,-1.7522153122675628,2.1581909090051603,0.6838506509731435,0.44673863920300105,0.000542418133425793,Precipitation,2.1581909090051603,Positive
Baikal Teal,Autumn,11,November,8,0.009857377025220883,0.0011147907615905721,-0.0002660128687267026,8.19947220188914e-05,1.4194298148516329,-1.4785527780016767,0.604564455435509,0.68341858919436,0.4459825310901301,0.0006540333708178669,Humidity,-1.4785527780016767,Negative
Common Snipe,Spring,5,May,9,0.0239961848260518,-0.0008670668775783776,-4.40354106631437e-05,-1.2175472087430298e-05,-0.8277530273826945,-0.25760281501516036,-0.24566026522912224,0.6530265122600836,0.4448424196161337,0.0005844392163110847,Temperature,-0.8277530273826945,Negative
Black-winged Stilt,Spring,5,May,9,0.024170896496657192,-0.0006042321417810859,-7.259115125688406e-05,-5.352592042379041e-05,-0.34498072076969594,-0.2539656954222522,-0.6458862976884141,0.6507700086509265,0.44123201384148236,0.0009804019139913092,Precipitation,-0.6458862976884141,Negative
Common Rosefinch,Autumn,10,October,9,-0.0055882285271642825,0.00015340989906643057,8.906313062770058e-05,-7.379623939751664e-06,0.1952125710156278,0.9726731141488948,-0.31438739566753876,0.6484423962082626,0.4375078339332201,0.0004681573392684395,Humidity,0.9726731141488948,Positive
Falcated Duck,Spring,5,May,8,-0.0010066408631284908,1.5649778763992358e-05,2.6960106534411202e-05,1.0928105694115382e-05,0.029698792319375847,0.3742727476812863,0.5450498489662555,0.671316516395214,0.42480390369162446,0.0002365891380304327,Precipitation,0.5450498489662555,Positive
Taiga Flycatcher,Spring,5,May,9,0.06331761631609234,-0.0015613907798615655,-0.00034279698627726594,4.871862205440264e-05,-0.670270288693666,-0.9017283533446236,0.44201222391562583,0.6400315542072866,0.42405048673165857,0.001323833124722451,Humidity,-0.9017283533446236,Negative
Common Redshank,Spring,5,May,9,0.006834419351627433,-0.0001504738814856817,-5.0996883431461554e-05,-9.1031880639343e-06,-0.2785737837425204,-0.5785263272930498,-0.35618330527899106,0.6368257452548196,0.4189211924077114,0.00030833142720486086,Humidity,-0.5785263272930498,Negative
Japanese Sparrowhawk,Autumn,9,September,9,-0.005618634724198113,0.00011324097472992275,0.00013851662342391607,-1.2195965286979691e-05,0.06848562418311735,1.080163665269936,-0.5186889605177619,0.6349601188228339,0.41593619011653415,0.000700825792988948,Humidity,1.080163665269936,Positive
Barn Swallow,Summer,6,June,9,0.7259328270311284,-0.019509738814283202,-0.003537319811084083,0.00010529122392846375,-1.8663766200042977,-2.452565947883515,0.5723780759021881,0.6336429061315716,0.4138286498105146,0.004698912518076538,Humidity,-2.452565947883515,Negative
Red-billed Chough,Winter,1,January,9,0.002567443866130774,-3.9164640668122516e-05,-4.970339166118824e-05,0.0002946201901639632,-0.04655899925426861,-0.5519635849944415,0.6710699863258642,0.6331047032739083,0.4129675252382533,0.0004448077756780387,Precipitation,0.6710699863258642,Positive
Two-barred Warbler,Autumn,9,September,9,-0.01789620027649292,0.00047711269989056604,0.0002005249000920616,-1.8785009747956505e-05,0.1963800195477806,1.064232406449627,-0.543729320260486,0.6328610449578705,0.41257767193259287,0.001032701126968638,Humidity,1.064232406449627,Positive
Naumann's Thrush,Winter,2,February,9,-0.000753458374752336,0.003064622092808935,0.000584759316212048,-0.0012526395764214375,0.5637893763570929,0.7995319510130737,-1.13290689254517,0.6306741503511029,0.4090786405617646,0.0041992857376215225,Precipitation,-1.13290689254517,Negative
Medium Egret,Autumn,9,September,9,-0.04276868683782571,0.002157192225078222,-2.6864702533334427e-05,5.4014476795262683e-05,0.3800282604733981,-0.06102403663576127,0.6691634737203104,0.6304789793016969,0.40876636688271506,0.002420629191238958,Precipitation,0.6691634737203104,Positive
Amur Stonechat,Spring,5,May,9,0.030567826317072767,-0.0007004717141640002,-0.00017325703790075248,-1.9107122502127293e-05,-0.4316617622197627,-0.6542507574156469,-0.2488566154122597,0.6283916102607705,0.4054265764172328,0.0009369775039990305,Humidity,-0.6542507574156469,Negative
Hawfinch,Winter,12,December,9,0.0037692690566264605,-0.001526143274755601,-4.88811156704584e-05,0.001116445121630824,-0.22786605362781917,-0.047400590508792834,0.7449767952233678,0.6232712736864295,0.39723403789828726,0.0050371999591154615,Precipitation,0.7449767952233678,Positive
Common Crane,Autumn,11,November,9,0.008481316719394356,-0.0012761653085600808,7.068067764952663e-05,-0.0001145771226467924,-0.6719078476459024,0.16306066263084454,-0.38937086423222994,0.6229197699247808,0.39667163187964927,0.0016313627432687128,Temperature,-0.6719078476459024,Negative
Greater Sand-Plover,Spring,5,May,9,0.0057412335027203385,-0.00015288622903224822,-2.6446090260405535e-05,-1.000903232380542e-05,-0.3702617268785375,-0.39246623723008894,-0.512310752152303,0.6205403635839626,0.39286458173434013,0.00024092492091765287,Precipitation,-0.512310752152303,Negative
Black-throated Thrush,Winter,2,February,8,-0.00695054489558797,-0.0003086103911242482,0.0002812252988383021,-0.0004618723569452729,-0.19925468836596485,1.2808529404375053,-1.0044547455972352,0.649449514348896,0.3865366501105679,0.0010912868568716035,Humidity,1.2808529404375053,Positive
Whooper Swan,Winter,12,December,9,0.006782639505244806,0.0011704848709633811,-3.4416445924147255e-05,9.756961219238908e-06,0.8505747962084249,-0.16243179509392966,0.03168708766047585,0.6162792708640672,0.38604683338250756,0.0010445279645417802,Temperature,0.8505747962084249,Positive
Common Swift,Spring,5,May,9,-0.07691428726771389,0.0035824128681831604,0.0003610091705534119,-7.216137875057443e-05,0.8028848951589211,0.4957882817240437,-0.3418089256093793,0.6156096088582591,0.3849753741732146,0.0026202817713588894,Temperature,0.8028848951589211,Positive
Chestnut-flanked White-eye,Autumn,9,September,9,-0.00017281871287386263,-0.0006204770549676407,0.0002735191943511739,-1.8843995408774222e-05,-0.17457521883115676,0.9922852281898055,-0.372842030647089,0.6144440907526594,0.383110545204255,0.001548183918989456,Humidity,0.9922852281898055,Positive
Ferruginous Duck,Spring,4,April,9,-0.0024424167863753435,0.0002678892487226126,-2.0684810689255113e-05,6.631574961792386e-05,0.17130227529570607,-0.10052604587016649,0.8045850009413748,0.6134910625269042,0.3815857000430467,0.000771363295769385,Precipitation,0.8045850009413748,Positive
Common Merganser,Winter,1,January,9,0.013853030783258028,-0.0008258077991614338,-2.3769593782010745e-05,0.0002732749655518414,-0.5961979702951524,-0.16030541166244097,0.3780133871917846,0.6108399148549479,0.37734386376791673,0.0007543335444671709,Temperature,-0.5961979702951524,Negative
Eurasian Wigeon,Spring,4,April,9,0.005287617720137866,-0.0003963775523780306,6.904904772285457e-05,5.821821041611725e-06,-0.4860538846016032,0.6435054995028134,0.13545081426431654,0.6090963198560237,0.37455411176963804,0.0004045261108915331,Humidity,0.6435054995028134,Positive
White-tailed Eagle,Winter,12,December,8,0.0018049984062823569,0.0006935811534844731,6.54646783368994e-05,-0.00010062692586178535,0.5690241220560326,0.35469572550047845,-0.36534889808566046,0.6418273815233329,0.37319791766583243,0.0009317050895621682,Temperature,0.5690241220560326,Positive
Black-faced Bunting,Autumn,9,September,9,0.008744266855014483,-0.00048233879524020964,0.0001009560192689093,-2.9240656741478902e-05,-0.23444923888372549,0.6327333114817086,-0.9994907089142911,0.6068335917922436,0.37093374686758973,0.0009049556771618733,Precipitation,-0.9994907089142911,Negative
Common Pochard,Spring,4,April,9,0.0033580647549895214,-6.590704039239817e-05,-5.079546011794947e-05,9.466282188323336e-05,-0.03345849895705246,-0.1959831549889239,0.911803997942417,0.604139129560644,0.36662260729703033,0.0009832946822939054,Precipitation,0.911803997942417,Positive
Long-tailed Shrike,Autumn,11,November,9,0.011269787213821962,-0.0005880337882901459,-0.0001139336598527297,0.00016887169285232834,-0.4859384109600946,-0.41255011777252565,0.9007381666164112,0.6028075591084444,0.36449209457351106,0.0010667385167795072,Precipitation,0.9007381666164112,Positive
Oriental Stork,Spring,3,March,8,0.02590897424981549,-0.0014498286826344015,-0.00030102160372139894,0.00022724116921665616,-0.6478835002388343,-1.2617586886364491,0.6813403044089561,0.6365673881087557,0.36399292919032245,0.0011558462849361086,Humidity,-1.2617586886364491,Negative
Common Cuckoo,Summer,7,July,9,-0.07364475167177041,0.0012528471935087336,0.0006959280121401162,1.224402854039259e-05,0.24417593368709226,0.8293795206621237,0.29853252328876495,0.6020515493398404,0.36328247894374466,0.002891745279603186,Humidity,0.8293795206621237,Positive
Siberian Rubythroat,Autumn,9,September,9,0.0027992648848389904,-0.00022643127224823622,0.00013601660189522174,1.1336375827319968e-06,-0.09739436181135751,0.7543643890969853,0.03428993411439347,0.6018325357583381,0.3629320572133409,0.001029132312947334,Humidity,0.7543643890969853,Positive
Eurasian Wryneck,Summer,8,August,8,-0.02765323047936511,-0.0009816005954684896,0.0008146814576347296,-3.2902054679335866e-05,-0.3110462804365229,1.4150249671069943,-0.9418091660225639,0.6349600672805792,0.36118011774101355,0.0014662712817306099,Humidity,1.4150249671069943,Positive
Whiskered Tern,Summer,7,July,9,-0.013154208897197976,0.00038372090967163754,3.7773593830915314e-05,6.671299963547226e-06,0.2798619052873006,0.1684615779047697,0.6086972720474696,0.6007095362185644,0.361135257949703,0.0007740473475642834,Precipitation,0.6086972720474696,Positive
Common Shelduck,Spring,5,May,9,0.00950979973531615,-7.514339427840526e-05,-0.00014453017442131374,1.1050962181555795e-06,-0.06877089678344829,-0.8105368758287987,0.021375431833484525,0.6004896397392823,0.36078342358285165,0.0006541683517584947,Humidity,-0.8105368758287987,Negative
Garganey,Spring,3,March,8,0.01932695132843056,-0.0012261765505684698,-0.00016709298128485711,8.500006870728421e-05,-0.868138055934252,-1.1096663136079956,0.4037865953336344,0.6326565991729349,0.3571490485526361,0.0007334469372817751,Humidity,-1.1096663136079956,Negative
Dark-sided Flycatcher,Summer,8,August,9,-0.05881675756292251,-0.00014969387780224813,0.0010455786956705844,-5.144435393411065e-05,-0.03384896503413588,1.2953958935908865,-1.057607761565358,0.5975323769891336,0.35605180318261387,0.002034997288328057,Humidity,1.2953958935908865,Positive
Temminck's Stint,Spring,5,May,9,0.013152727817680456,-0.00046919567072393906,-3.97032787331958e-05,-5.234538157147649e-06,-0.7719898588336565,-0.40029885141878396,-0.1820274539176145,0.5973268797286941,0.3557230075659106,0.0003653070943420643,Temperature,-0.7719898588336565,Negative
Dusky Thrush,Winter,2,February,9,0.005217542754149533,0.002838464511368701,5.646946912638626e-05,-0.0006359541678284636,0.8288740077049975,0.12255681651643215,-0.9129752415977527,0.5938207162612383,0.3501131460179814,0.0027743699160899843,Precipitation,-0.9129752415977527,Negative
Oriental Honey-buzzard,Autumn,9,September,9,0.02874443776949729,-0.0011420868841394412,5.0647867129751776e-05,9.006889528868512e-06,-0.5758995029417396,0.32930670192161,0.319387122423735,0.5870926419273861,0.33934822708381773,0.0008939525977308202,Temperature,-0.5758995029417396,Negative
Oriental Reed Warbler,Summer,8,August,9,-0.04586585166845165,0.0014858062166724496,0.00023900966099915235,-1.1869016827901572e-06,0.4947638584854722,0.43606947557363507,-0.03593321688627208,0.5870486366491059,0.33927781863856943,0.0013997593312184019,Temperature,0.4947638584854722,Positive
Long-tailed Minivet,Spring,5,May,9,0.007802228151764316,-0.0003366491518938483,7.83054216836537e-06,4.525848148163678e-06,-0.6530882306111737,0.09308646487138819,0.1855646455825523,0.5838940471856686,0.33423047549706975,0.0003149539194062741,Temperature,-0.6530882306111737,Negative
Eastern Cattle-Egret,Summer,8,August,8,-0.015057805211895842,0.0017953393704802153,-0.0004297861481799575,1.3713707437622935e-05,0.7738610634437328,-1.0193320244106066,0.511738082536592,0.6192017082607311,0.3336029894562793,0.001086390388854894,Humidity,-1.0193320244106066,Negative
Black-faced Bunting,Spring,3,March,8,0.002489606993337501,3.7470167968022586e-06,-5.047209044864469e-05,5.3576269633539464e-05,0.007598685557928713,-0.9763645414935938,0.7723952910694769,0.6190157049161262,0.33327748360322085,0.00024960483242369226,Humidity,-0.9763645414935938,Negative
Eastern Cattle-Egret,Spring,5,May,9,-0.0006874826178327275,0.0003879717858481697,-0.00014387605258506323,1.4812752154009492e-05,0.314236310964797,-0.7140771067866211,0.2535671010578256,0.581089581652152,0.3297433306434432,0.000756909127582879,Humidity,-0.7140771067866211,Negative
White-winged Tern,Spring,5,May,9,0.0022450876309779324,5.751815639227466e-05,-7.52332514184869e-05,1.8657476695043974e-05,0.11077920153414313,-0.8878988161409725,0.7594638499447616,0.5806088300332062,0.32897412805312987,0.00031848996524392925,Humidity,-0.8878988161409725,Negative
Greater Spotted Eagle,Spring,4,April,9,0.00887230323659049,-0.0003121520198310999,-7.176630975659118e-05,1.1515415394030589e-05,-0.41290006969373033,-0.7214705771680233,0.2890053067812891,0.580363480722164,0.32858156915546244,0.0003885481789002551,Humidity,-0.7214705771680233,Negative
Hume's Warbler,Spring,4,April,9,-0.0021411069440510056,0.0003366749747064202,-4.387497172954146e-05,-1.3431224634333128e-05,0.45140581149484654,-0.44708732936327816,-0.341679815841336,0.578977416563739,0.32636386650198246,0.0003839577451696099,Temperature,0.45140581149484654,Positive
Bluethroat,Spring,5,May,9,0.012889000494222959,-0.00022223351754324867,-0.0001276324721558677,1.7418791531211745e-06,-0.23839220024609345,-0.838965370588853,0.03949129984018893,0.5786027638008346,0.3257644220813354,0.0005731954645062175,Humidity,-0.838965370588853,Negative
Common Greenshank,Autumn,9,September,9,-0.020457314511481313,0.0014560038652593652,-0.00014254071833903713,1.7591739561453096e-06,0.5072924370575662,-0.6403636206965895,0.04310222131394006,0.5768854677865344,0.32301674845845496,0.0013096910218540815,Humidity,-0.6403636206965895,Negative
Goldcrest,Winter,2,February,8,-0.004656444696472358,-3.877968923714634e-05,0.00022871873048794402,-0.00023195085219373276,-0.039267694488221254,1.601831335560021,-1.1549327763229578,0.612167549989856,0.32129321248224807,0.0008289037245451816,Humidity,1.601831335560021,Positive
Spotted Redshank,Autumn,9,September,9,-0.010059083445835166,0.0007485979344253071,-7.300027979864142e-05,1.971092901228121e-06,0.5209308193833904,-0.6550098046037367,0.09645695044072287,0.5739774725416062,0.31836395606657,0.0006579919706488342,Humidity,-0.6550098046037367,Negative
Two-barred Warbler,Spring,5,May,9,0.02825518019887659,-0.0012018149769023152,5.9450351744577436e-05,5.972007571769649e-06,-0.6372757326970001,0.19317217505284948,0.06692849268958745,0.5710508126915081,0.31368130030641306,0.0011699102365777857,Temperature,-0.6372757326970001,Negative
Tufted Duck,Winter,1,January,9,0.006822203939030146,0.0004561789230429465,-5.2757236847004116e-05,-0.00047914537648612146,0.27932235958555257,-0.3017640076077746,-0.5621259150317492,0.5665541727212726,0.30648667635403615,0.0009386587126363328,Precipitation,-0.5621259150317492,Negative
Russet Sparrow,Spring,4,April,8,0.004738212489489868,-0.00017697685261263766,-3.518812279069098e-05,1.4985427442139648e-05,-0.5032031646836178,-0.762111699549836,0.7529541038012139,0.6029959342258416,0.3052428848952229,0.0001776360948715483,Humidity,-0.762111699549836,Negative
Eurasian Siskin,Winter,12,December,8,-0.010045411176088715,-0.000467849094733799,0.0002831476115421572,-0.0001270390594952686,-0.3414042503118959,1.1699168681872534,-0.42051688476991367,0.6017667619344064,0.3030918333852112,0.0011041893706813443,Humidity,1.1699168681872534,Positive
Water Pipit,Winter,2,February,9,0.01649830851298732,0.00019521310760207223,-0.00016406557825394602,0.0002866947441363818,0.17154487443292638,-1.0715315405439658,1.2385588096903102,0.5603097683267694,0.296495629322831,0.0009592132549318177,Precipitation,1.2385588096903102,Positive
Red-flanked/Qilian Bluetail,Autumn,9,September,9,-0.010312498192790653,0.0005786893904058443,-2.496702852222547e-05,2.332082450276899e-06,0.6923412479624788,-0.38515309527081165,0.19620659138198776,0.5595095712101616,0.29521531393625866,0.00038916098235395994,Temperature,0.6923412479624788,Positive
Lanceolated Warbler,Autumn,10,October,9,-0.0016064309438992678,0.00019663723369033018,-1.1447101149454946e-05,1.454952417452423e-05,0.4205166074606032,-0.2101006878569953,1.0417000489460935,0.5578085826234052,0.29249373219744823,0.00031241778124391385,Precipitation,1.0417000489460935,Positive
Taiga/Tundra Bean-Goose,Spring,3,March,9,-0.0005752950307286806,2.751655943179998e-05,-5.150897073097871e-06,0.00024249345354350628,0.011370427509769144,-0.02008594987382437,0.7499286358914825,0.5513358943421518,0.2821374309474429,0.0013094873404206704,Precipitation,0.7499286358914825,Positive
Tristram's Bunting,Spring,4,April,8,-0.004522251280727196,0.00029739452827008727,2.556490254824208e-05,-2.6064639315076257e-05,0.45424530591161577,0.29764223776466886,-0.6045077345730322,0.5878826311628345,0.2787946045349603,0.0003088417459695928,Precipitation,-0.6045077345730322,Negative
Rook,Autumn,11,November,9,0.0053264502769603045,-0.0002806701035735696,-3.172540260174414e-05,-4.508970749695779e-05,-0.33563445105732553,-0.16623529513747828,-0.3480250911663157,0.547089478030969,0.27534316484955035,0.0007871767615293072,Precipitation,-0.3480250911663157,Negative
Eurasian Whimbrel,Spring,5,May,8,0.0007292753560693264,-4.779996779648486e-06,-1.6568248422290562e-06,-4.9259359649763174e-06,-0.026703725517719976,-0.06771063139394627,-0.7232588610518126,0.5828589216810713,0.27000311294187485,9.053857957563421e-05,Precipitation,-0.7232588610518126,Negative
Eurasian Hobby,Autumn,9,September,9,0.002750988618613485,0.0004936485050748283,-5.1714410885716e-05,3.0491005301707512e-05,0.19222460560928029,-0.25965374011268144,0.8349450641743918,0.5419428696211357,0.26710859139381715,0.0012192826975898864,Precipitation,0.8349450641743918,Positive
Dusky Warbler,Autumn,9,September,9,0.01773690774020996,-0.000670112078753552,0.00017093652213373328,-2.8767978751726488e-06,-0.2328583668836669,0.7658983136472032,-0.07029893671222302,0.541079264218012,0.2657268227488192,0.001367603421844502,Humidity,0.7658983136472032,Positive
Eastern Red-rumped Swallow,Summer,8,August,9,-0.029573054289809747,0.00407067702661324,-0.0008838617261438081,2.376643614082742e-05,0.7454790915758293,-0.8868651395221561,0.39571128911129966,0.5382387304431256,0.261181968709001,0.0026914086658981003,Humidity,-0.8868651395221561,Negative
Gray-streaked Flycatcher,Spring,5,May,9,-0.0023535765756495628,6.87805934068568e-05,2.5786138670818104e-05,2.4620587385590643e-06,0.276631989483628,0.6355111399949505,0.20928389870216454,0.5371581301718409,0.25945300827494544,0.00016022092084586574,Humidity,0.6355111399949505,Positive
Citrine Wagtail,Spring,5,May,9,0.010796180499447791,-0.0002429195997180617,-6.031977002006293e-05,-1.5587877751442722e-05,-0.2959605284208782,-0.4503304218337247,-0.4013831656640424,0.5304101937178962,0.24865630994863397,0.0005327549316654404,Humidity,-0.4503304218337247,Negative
Eurasian Skylark,Spring,3,March,9,0.016748519221036467,-0.0009792255802471594,-9.588880858574602e-05,0.0001935847423002068,-0.5628101283609226,-0.5200845067655552,0.8326980246443323,0.5271001768896896,0.24336028302350332,0.0009665597940420127,Precipitation,0.8326980246443323,Positive
snipe sp.,Spring,5,May,8,0.0019329891599856382,5.183741424392566e-05,-5.699382033333903e-05,2.9735883880195775e-06,0.11089706812343798,-0.7983643546174634,0.14837921337671048,0.5647037956900844,0.23823164245764783,0.00028073664521294906,Humidity,-0.7983643546174634,Negative
Siberian Blue Robin,Spring,5,May,9,0.025694548690618775,-0.0009269582696063254,-4.032124912053289e-05,3.793688528874627e-05,-0.5550416064056843,-0.14794480036806765,0.48009585126772536,0.5187670979746957,0.23002735675951302,0.0010973664682749826,Temperature,-0.5550416064056843,Negative
Oriental Scops-Owl,Spring,4,April,9,-0.010480767871424294,0.0008094707432484043,-9.719422952757164e-06,-2.87847223803169e-05,0.6427207947431333,-0.05865173702532563,-0.4336413041118363,0.5157799617428459,0.22524793878855343,0.0006953240171149984,Temperature,0.6427207947431333,Positive
Merlin,Autumn,11,November,8,-0.003493572323232377,-0.00042872218981405096,0.0001257681022822157,-4.463615772763573e-05,-1.2493793181148143,1.3938965404772823,-0.7977581237638576,0.5547144825147137,0.22075034440074892,0.0003391163012550141,Humidity,1.3938965404772823,Positive
Yellow-rumped Flycatcher,Spring,5,May,9,0.0169897148157484,-0.0006835402554585177,5.3389502946336854e-05,1.4479633436070776e-05,-0.47914652716802697,0.22932980311203627,0.21451750705582529,0.5105774108718006,0.21692385739488107,0.0009453162907224682,Temperature,-0.47914652716802697,Negative
Black Drongo,Summer,8,August,9,-0.006057315756724847,0.00011411270482430167,0.00019126669674934195,1.1502931357331187e-05,0.040139278732359715,0.368620392508563,0.3678659994675442,0.5100427156197815,0.2160683449916505,0.0014433885656563016,Humidity,0.368620392508563,Positive
Tufted Duck,Spring,4,April,9,-0.002363837587461633,0.0004101556432704161,-9.528925426022757e-05,4.188609944363553e-05,0.4298433848062457,-0.7589701345581118,0.8328731804023627,0.5089560944456728,0.2143297511130765,0.00053050032344372,Precipitation,0.8328731804023627,Positive
Long-eared Owl,Autumn,11,November,9,0.003244782110245649,-0.00020983488290261029,2.2467954646314467e-05,-7.674024928238354e-05,-0.27238553283051214,0.12779551371573877,-0.6429723784387243,0.5079383261668481,0.2127013218669569,0.0007558573777705846,Precipitation,-0.6429723784387243,Negative
Little Bunting,Autumn,9,September,9,0.0174322275824679,0.00013798567836232554,-0.00013722822521450021,-2.3577772909490538e-05,0.030853353987797087,-0.39564316205687033,-0.3707371912007933,0.49920226619980135,0.19872362591968218,0.002220232971199134,Humidity,-0.39564316205687033,Negative
Hen Harrier,Autumn,10,October,9,0.007482414774986114,-0.0008390736807763491,0.0002007725385931865,-6.930948395391157e-05,-0.6333069304153481,1.3005678374417693,-1.7513917720899568,0.4991433519559073,0.19862936312945167,0.0009420860325299092,Precipitation,-1.7513917720899568,Negative
Eastern Marsh Harrier,Spring,4,April,9,-0.005211558941139997,0.0006819100330741089,-4.024763212522131e-05,5.716418288719292e-05,0.40259052250055516,-0.18059095878519105,0.6403359256983057,0.4983621181379103,0.19737938902065655,0.0009518000925961246,Precipitation,0.6403359256983057,Positive
Bank Swallow,Spring,5,May,9,0.010269269990727853,-0.00026220428213406284,-8.254659022202947e-05,1.3857861949257005e-05,-0.45985795998873785,-0.8871221827077056,0.5136663123928483,0.49365116697334677,0.18984186715735485,0.0003843088306407093,Humidity,-0.8871221827077056,Negative
Eyebrowed Thrush,Spring,5,May,9,0.020102269024591442,-0.0007034962511475704,-6.210578529079054e-05,-5.78312887847987e-06,-0.7103152237987369,-0.38425697990169944,-0.12341078975396098,0.49141470842854285,0.1862635334856686,0.0006690089814579032,Temperature,-0.7103152237987369,Negative
Hair-crested Drongo,Spring,5,May,9,-0.011147815144070516,0.0002665106413485722,0.00015756980758498154,-3.8280619026144024e-05,0.2432798191387547,0.881383481228557,-0.7385355535768778,0.4900282115751623,0.18404513852025972,0.0007410046467905748,Humidity,0.881383481228557,Positive
Short-eared Owl,Autumn,10,October,9,0.003525985502183966,-4.3866517241396e-06,-4.5595504068152113e-05,2.282109710925398e-06,-0.009190067877571447,-0.8198268597911451,0.1600658115336717,0.4886577635765117,0.18185242172241867,0.0003429400878987805,Humidity,-0.8198268597911451,Negative
Siberian Pipit,Spring,4,April,9,0.020447963751946907,-0.0010418122178416853,-2.7208604078069515e-06,9.063485139758671e-05,-0.39885882697710157,-0.007916901197475994,0.658373573357903,0.4865960358294551,0.17855365732712813,0.0014848647381587165,Precipitation,0.658373573357903,Positive
Yellow Bittern,Summer,8,August,9,-0.03851168171112721,-0.0010821209825777791,0.0011043619919998099,-3.251421868459364e-05,-0.20012272725945282,1.1190164761852852,-0.5466879149272925,0.48584390836646874,0.17735025338635002,0.002812332165466788,Humidity,1.1190164761852852,Positive
Bohemian Waxwing,Winter,2,February,9,-0.0025758850015491935,0.0015454586326593292,0.00019934906262600535,-0.00046381823194959534,0.5963892926128086,0.5717489358200327,-0.8799305561264543,0.4848016057662259,0.17568256922596137,0.0023644238509340746,Precipitation,-0.8799305561264543,Negative
Russet Sparrow,Summer,6,June,9,-0.005847671042714282,0.0005493500995796744,-9.214484226318674e-05,4.0695002694820606e-05,0.25152713498581153,-0.305777274260608,1.0588140712111593,0.47821538969007094,0.16514462350411352,0.0011716634531241034,Precipitation,1.0588140712111593,Positive
Red-crested Pochard,Spring,5,May,9,-0.009343992535022421,0.00031301917409339524,7.978274027883681e-05,4.309611065435309e-06,0.4104155841564906,0.64100618962378,0.11942408024024233,0.47630424510438374,0.16208679216701394,0.0005227884813192136,Humidity,0.64100618962378,Positive
Purple Heron,Spring,4,April,9,-0.0087739602982703,0.0006262103430164648,5.922775129703983e-06,6.016091019603416e-05,0.3011555780715521,0.021647867533560145,0.548949602935245,0.4760608895680911,0.16169742330894576,0.0011941442190264656,Precipitation,0.548949602935245,Positive
White's Thrush,Autumn,9,September,9,-0.0022207782363445326,0.00021562393606111132,-2.294273864022518e-05,1.0529041812832904e-05,0.23044116834917797,-0.31615510970268906,0.7913105486261425,0.475737581977828,0.1611801311645248,0.00047527722477502186,Precipitation,0.7913105486261425,Positive
Greater White-fronted Goose,Spring,3,March,8,0.014683142079430351,-0.0011806219303426072,-8.792521894174155e-05,0.00017831244998510852,-0.6735639759278784,-0.4785081475867269,0.723209271906584,0.5196843875321137,0.15944767818119887,0.000996202510195874,Precipitation,0.723209271906584,Positive
Baillon's Crake,Spring,5,May,9,0.003633116209148664,-0.00011748208245893748,-1.2682610856751424e-05,-3.6599312633162604e-06,-0.5341472484842278,-0.3533445513499521,-0.35169258672251674,0.47464260849642337,0.1594281735942774,0.0001510001746000962,Temperature,-0.5341472484842278,Negative
Black Kite,Spring,4,April,9,0.013872764489817068,-0.00043500057636727075,-8.2374651521394e-05,4.985235082097928e-05,-0.38507398702402273,-0.5542007920375285,0.8373121510298289,0.47188778883082083,0.1550204621293133,0.0006513220812832427,Precipitation,0.8373121510298289,Positive
Dusky Warbler,Spring,5,May,9,0.045403169051091416,-0.0009921269730163635,-0.00025788440389523394,2.8439552089187314e-05,-0.5128948472761986,-0.8169331684657806,0.31073112446655127,0.4695655659938879,0.15130490559022058,0.0013344249733516025,Humidity,-0.8169331684657806,Negative
Chinese Beautiful Rosefinch,Summer,6,June,8,0.15557062495594,-0.004306222910996271,-0.0007143520990133876,2.973084197633126e-05,-2.233672961555317,-2.684777163148222,0.8424517096716871,0.5129906692314196,0.14773367115498426,0.0010559464792349225,Humidity,-2.684777163148222,Negative
Northern Pintail,Spring,4,April,9,0.002317620236920031,-2.8574339640308907e-05,4.906417979653817e-05,-7.230574417554023e-05,-0.01715103095623856,0.22381942409724973,-0.8234443052495749,0.4652389895089505,0.14438238321432073,0.0009666135657210796,Precipitation,-0.8234443052495749,Negative
Pallas's Rosefinch,Winter,1,January,9,0.0011839299179183201,-0.0006480705389010227,-2.1273477784239938e-05,0.0003071177569150669,-0.4573570762059674,-0.14024472295224322,0.4152731672945853,0.4649482242477003,0.1439171587963205,0.0009048478732485036,Temperature,-0.4573570762059674,Negative
Black Swan,Spring,3,March,8,-0.003311402313083378,0.0006932041243214242,-4.078629177841322e-05,1.5214164338042124e-05,0.5298411994006157,-0.2924133628642875,0.07802423563701584,0.5089533173983274,0.14066830544707298,0.0007854981559167716,Temperature,0.5298411994006157,Positive
Common Goldeneye,Spring,3,March,9,0.029948777890890302,-0.0017206581420734911,-0.00012928973078650758,0.00016219239002391014,-0.7929728446872759,-0.5622825320348257,0.5594115773361296,0.4613455250135654,0.1381528400217047,0.0012865146003593828,Temperature,-0.7929728446872759,Negative
Smew,Winter,1,January,9,0.0012765011571517955,8.723805923393547e-05,0.00013335669725966502,0.00018900185915992693,0.04249591312007481,0.6068354063361853,0.17640182161347126,0.4510737551587153,0.12171800825394441,0.0013277815098796772,Humidity,0.6068354063361853,Positive
Common Crane,Winter,12,December,9,0.006137216021477429,0.00096810624810229,-4.842472353140258e-05,2.2516201839576373e-05,0.768621677915711,-0.24969800612116355,0.07989245751157036,0.4491372718276283,0.11861963492420524,0.0011454898217445166,Temperature,0.768621677915711,Positive
Rufous-bellied Woodpecker,Autumn,9,September,9,-0.02090700578405959,0.0006768436648167614,0.00016387964083805015,-1.770682601696498e-05,0.278967418568505,0.8709274270001118,-0.5132167726275056,0.44759043592672676,0.1161446974827628,0.0012650311464249655,Humidity,0.8709274270001118,Positive
Olive-backed Pipit,Spring,4,April,9,-0.008368849174784284,0.0006365573253307694,0.00013368196550152887,-7.77595305211926e-05,0.3567981281621807,0.569478158299061,-0.8269630000285156,0.4460585817970807,0.11369373087532908,0.001053498493021839,Precipitation,-0.8269630000285156,Negative
Chinese Pond-Heron,Summer,8,August,9,-0.034493254338846514,0.003912674591313978,-0.0007641785968232952,3.106836999979164e-05,0.6922820353668382,-0.7408130711525713,0.49977365254739803,0.4433317847711038,0.1093308556337661,0.0030586416374921116,Humidity,-0.7408130711525713,Negative
Zitting Cisticola,Summer,8,August,9,0.05936804026704715,-0.0007150544977988963,-0.0005530977365735589,5.912119850707002e-05,-0.13561051329270596,-0.5747255879825729,1.0193961828767752,0.4427248709057823,0.10835979344925162,0.002855093461016941,Precipitation,1.0193961828767752,Positive
Common Swift,Summer,6,June,9,0.4255015574720426,-0.010562245887948598,-0.0024764548551186255,9.574881680414299e-05,-1.1173963924664343,-1.8988031532562468,0.575608758432322,0.4415739975834446,0.10651839613351144,0.005245956825556398,Humidity,-1.8988031532562468,Negative
Dusky/Naumann's Thrush,Autumn,10,October,9,0.0002352496974107747,0.0004918836363503056,-0.00010354546518249956,2.8556141890347195e-05,0.8278551314112874,-1.4956762976819642,1.6090442928017041,0.44126709602842107,0.10602735364547367,0.00044622935759449267,Precipitation,1.6090442928017041,Positive
Thick-billed Warbler,Spring,5,May,9,0.008808967298104124,-0.0004133018804669806,8.644943099916359e-05,-2.308428345444245e-05,-0.4075817068842025,0.5224079937967457,-0.4811324250218699,0.4367450121884303,0.09879201950148853,0.0007208495075755257,Humidity,0.5224079937967457,Positive
Swan Goose,Spring,5,May,9,-0.009757294500471182,0.00031382802057351527,9.368830693131751e-05,1.5599286965425737e-05,0.2674320186409184,0.4892236549674727,0.2809489141123377,0.4342832001122763,0.09485312017964209,0.0008360210999673421,Humidity,0.4892236549674727,Positive
Southern Nutcracker,Summer,6,June,9,0.02759394402908671,-0.000641358730697907,-0.00019427182252902177,1.0656453169323967e-05,-0.7779435826215945,-1.7078724919054702,0.7345185335502828,0.43365923942812856,0.09385478308500572,0.00046077054142122783,Humidity,-1.7078724919054702,Negative
Eurasian Hobby,Summer,7,July,8,0.017167753447119505,-0.0005188112407975383,-4.1100991294231975e-06,9.215129643146403e-06,-0.3984874571995502,-0.018433567181240017,0.8876513029657913,0.4788384595870979,0.08796730427742139,0.0008861906334096266,Precipitation,0.8876513029657913,Positive
Common Goldeneye,Winter,12,December,9,-0.0032391073006781076,4.1555727717947894e-07,0.00017618272087203957,-0.0002161072311271617,0.00029850043412069246,0.8219316543678014,-0.6937522671234145,0.4277696682825045,0.08443146925200717,0.0012904182851262336,Humidity,0.8219316543678014,Positive
Daurian Jackdaw,Autumn,10,October,9,0.013117226940345646,-0.0008767794200693494,0.00014153857433192176,-3.354068476524211e-05,-0.8806736145177388,1.220152212967544,-1.12790639819279,0.4266332816040178,0.08261325056642854,0.0007574249173287343,Humidity,1.220152212967544,Positive
Vega/Mongolian Gull,Spring,4,April,9,0.009158946358320012,-0.0002906166662812938,-7.369511088670344e-05,3.756483263608959e-05,-0.3263853346539563,-0.6290251342684998,0.8004587937275576,0.42036517032007503,0.07258427251212007,0.0005378413192313587,Precipitation,0.8004587937275576,Positive
Red-throated Pipit,Autumn,9,September,9,0.018059861961732097,-0.00046022559757121943,-6.0215567798076215e-05,-1.142454406479149e-05,-0.18591642438125486,-0.31365168313829417,-0.3245494450943462,0.4188125350825139,0.0701000561320223,0.0013238746637234168,Precipitation,-0.3245494450943462,Negative
Black-naped Oriole,Summer,8,August,9,-0.01540609251790148,5.4993414384261293e-05,0.0002539554563032655,-1.3371437637364202e-05,0.04076418189272016,1.0314068926373725,-0.9011388342049069,0.41193029023246364,0.05908846437194182,0.0007503883361709594,Humidity,1.0314068926373725,Positive
Forest Wagtail,Spring,5,May,9,0.0057507834041634395,-0.00017772936758661805,-1.812424817416471e-05,1.6141014497285405e-05,-0.32385007907141605,-0.20236955859543634,0.6216079567811986,0.4088279804800783,0.05412476876812522,0.0003996791644912399,Precipitation,0.6216079567811986,Positive
Black-capped Kingfisher,Summer,8,August,8,0.004313555144820801,0.0002079438726446066,-0.0001299439950017045,4.712384624345117e-06,0.3437137803955904,-1.177316154289277,0.7036249663853648,0.4588024650799981,0.052904313889996724,0.0003422641627195001,Humidity,-1.177316154289277,Negative
Schrenck's Bittern,Summer,6,June,8,0.053183307169172966,-0.0012053682517767692,-0.0004179452256049656,3.936441022342737e-05,-0.5421566999220157,-1.4296587810218522,1.0854830583367958,0.45749536749276076,0.05061689311233131,0.0011950458380991095,Humidity,-1.4296587810218522,Negative
Eastern Crowned Warbler,Spring,5,May,9,-0.001076780917686979,-4.041584603258495e-05,0.00010159714629119095,-6.390511351064041e-06,-0.04556316731818682,0.7018496919805308,-0.15226453763288147,0.40612393489402576,0.049798295830441264,0.0006474780716957983,Humidity,0.7018496919805308,Positive
Alpine Accentor,Winter,1,January,9,0.000921362346338123,-0.00039454686068470516,-2.7161791384080747e-05,0.00018356257791819777,-0.3998476694897664,-0.2571397972460428,0.3564313900882637,0.4044337697968835,0.04709403167501358,0.0006647829069302,Temperature,-0.3998476694897664,Negative
Baikal Bush Warbler,Spring,5,May,9,0.003622946496982345,-0.00018552255195161669,3.934856111563465e-05,-1.3121672581192318e-05,-0.3750277849109509,0.4874117149254773,-0.5606048587286243,0.40389771596687385,0.04623634554699818,0.0003617704109778642,Precipitation,-0.5606048587286243,Negative
Gray-sided Thrush,Summer,6,June,8,-0.029850599929795038,0.0006899452846781708,0.0002710714969535405,-2.6711051128106894e-05,0.6751883896346862,1.9220603017458178,-1.4279599302456685,0.45087180904403745,0.03902566582706557,0.0005943234966885216,Humidity,1.9220603017458178,Positive
Lapland Longspur,Autumn,10,October,8,0.005723338812262019,-0.00042211401899875875,2.131190998905118e-05,-2.0706938498154842e-05,-0.6446689970935074,0.2567321646825496,-0.9642879957598672,0.4476722606942286,0.033426456214900035,0.0005166515690222973,Precipitation,-0.9642879957598672,Negative
Zappey's Flycatcher,Summer,6,June,8,-0.1270415713606397,0.003684379528538115,0.0005787076403815833,-2.5627982705346194e-07,1.9199233359553447,2.185000712405167,-0.007295392737716179,0.4474525404620082,0.033041945808514384,0.0011195967054065138,Humidity,2.185000712405167,Positive
Daurian Starling,Spring,5,May,9,-0.010110361329122065,0.00039567607333874537,8.134700883617613e-05,-8.720584898274153e-06,0.5399348456893363,0.6802108073525714,-0.25150585928158814,0.39100668467942834,0.02561069548708539,0.0005416815967831287,Humidity,0.6802108073525714,Positive
Rustic Bunting,Winter,12,December,9,0.00021809191056280672,-0.00021454251839384274,3.1964191477851635e-05,8.705064459345716e-05,-0.2335903225250962,0.22602866204089175,0.4235790819259465,0.39072646530229427,0.02516234448367083,0.0008784637220204312,Precipitation,0.4235790819259465,Positive
Chinese Thrush,Autumn,9,September,8,-0.0042111608175968715,0.0002582583482269044,-1.4558085324525818e-05,-6.677032240334642e-07,0.5352809292854726,-0.3927889652559502,-0.09788646496455405,0.4400997059575389,0.02017448542569311,0.0002656756949435649,Temperature,0.5352809292854726,Positive
Barn Swallow,Spring,5,May,9,0.00023175257078889832,0.0007126340019938638,0.0001417707859715793,-6.85001045551768e-05,0.3331824834170888,0.406165227691356,-0.6768739195458285,0.3846224931806952,0.015395989089112327,0.001589258612201677,Precipitation,-0.6768739195458285,Negative
Blue Whistling-Thrush,Summer,6,June,9,-0.03004792491308471,0.0009880401706559969,8.035514978914134e-05,2.313614416175971e-06,1.482866607160374,0.8740569611132712,0.1973156131207073,0.3838310503000548,0.01412968048008767,0.00038843227495537934,Temperature,1.482866607160374,Positive
Pine Bunting,Winter,2,February,9,0.00508767412715785,-0.00011344032127730544,-9.620642110521172e-05,0.00031831843659089353,-0.0682952083864123,-0.43047264618453507,0.9421340715036363,0.3838206516262279,0.014113042601964665,0.0016574533612191563,Precipitation,0.9421340715036363,Positive
Whiskered Tern,Spring,5,May,9,-0.004746535065494077,0.00036765025036947696,-1.8306370711078768e-05,-5.1703931860476025e-06,0.4842301263813667,-0.1477473038588757,-0.14392672243668517,0.3835450106332948,0.013672017013271698,0.0005646419383797706,Temperature,0.4842301263813667,Positive
Chestnut-eared Bunting,Autumn,9,September,8,0.0042241177494992945,-0.0001468083861437027,6.42142177565048e-06,-7.009529016043495e-06,-0.20601800489562583,0.11460013163773457,-0.6622392384696513,0.43525077642981647,0.011688858752178843,0.0003984088914164121,Precipitation,-0.6622392384696513,Negative
Common Tern,Summer,7,July,9,-0.0355640592989652,0.0010853455470593448,0.0001163773717645118,6.814224734417924e-06,0.42251851842989563,0.2770323598018821,0.33186139770544804,0.3801867660311301,0.008298825649808217,0.0018067750378217807,Temperature,0.42251851842989563,Positive
Eastern Crowned Warbler,Summer,8,August,8,-0.0035674103815232865,0.0005413593032892761,-9.858470282004565e-05,-7.13060585405439e-06,0.3051791118717323,-0.36901428392185925,-0.4488924459238701,0.4326814418085221,0.0071925231649137,0.0008344549358560966,Precipitation,-0.4488924459238701,Negative
Indian Cuckoo,Summer,6,June,9,0.3591276411273974,-0.010191887667095605,-0.0012284251342633977,-1.6815662503963992e-05,-1.8158593803419218,-1.5862616214737235,-0.17024899390507173,0.3788575659071054,0.0061721054513685925,0.003285193095124161,Temperature,-1.8158593803419218,Negative
Cinereous Vulture,Winter,1,January,9,0.004657144359374795,-0.00018671421950893985,-7.584400612050497e-05,0.0004128430075458078,-0.1118928622842642,-0.42458159620417035,0.4740299067379445,0.37520569351876853,0.00032910963002963367,0.0011514745157877105,Precipitation,0.4740299067379445,Positive
Eurasian Wren,Winter,1,January,9,0.020971777769111865,0.0009040755715251684,-0.00024954993628936104,0.0008581854246036434,0.22306011051387334,-0.575161162298441,0.4056898403745667,0.3730975132439529,-0.0030439788096754405,0.0028015192230652864,Humidity,-0.575161162298441,Negative
Himalayan Owl,Spring,5,May,9,-0.007109404528510709,0.00030771525934879506,2.1853653591845626e-05,-3.546631934545618e-06,0.643163849294203,0.27989621111344587,-0.156671369017091,0.37071546402976174,-0.006855257552381255,0.0003594929042071029,Temperature,0.643163849294203,Positive
Olive-backed Pipit,Autumn,9,September,9,0.008480023583158844,0.000141595215297252,3.579845955420393e-05,-3.572340233738244e-05,0.03951375319274533,0.12881187211282466,-0.7010476299909664,0.3700659856875794,-0.007894422899872966,0.0019951868064803234,Precipitation,-0.7010476299909664,Negative
Crested Kingfisher,Winter,2,February,9,0.0028769729542720227,0.00028465216151030116,-2.006974250709778e-05,7.799897293767804e-05,0.3600359106358064,-0.1886652211561682,0.4850073817142054,0.3665387735653911,-0.013537962295374184,0.0007999064864282934,Precipitation,0.4850073817142054,Positive
Asian Short-toed Lark,Spring,4,April,8,0.004975422912810442,-0.00026048430001106125,-2.150520183876017e-05,4.547903778879741e-05,-0.2583980004824228,-0.16249752577150942,0.7972441419849257,0.42020725651936053,-0.01463730109111916,0.0006153035601961198,Precipitation,0.7972441419849257,Positive
Himalayan Cuckoo,Summer,6,June,9,-0.1724049567129446,0.0050138810545889085,0.0008088304845417591,-1.1236556499785012e-05,1.5729343972567145,1.8390461669811071,-0.2003146944844848,0.35971995743079077,-0.024448068110734855,0.0018942674067375512,Humidity,1.8390461669811071,Positive
Daurian Jackdaw,Spring,3,March,9,0.016866675175945308,-0.0011563683869646173,9.051433666301746e-06,1.477846427026863e-05,-0.5763436500482064,0.04257253534524786,0.05512541392700532,0.35794159282102556,-0.0272934514863592,0.0012987491332150445,Temperature,-0.5763436500482064,Negative
Himalayan Owl,Summer,6,June,9,-0.049908487708679804,0.0016649483616111218,0.00011860409251251234,3.7547788399363526e-06,1.2788400802762727,0.6602580169663982,0.16388636348054064,0.35610105693112115,-0.03023830891020607,0.0007758651994087279,Temperature,1.2788400802762727,Positive
Eurasian Wryneck,Spring,5,May,9,-0.00264747864490082,0.00011155879373961127,1.3091341454394816e-05,-4.1114575560441416e-06,0.5408522080225506,0.3889191429591273,-0.4212806715735598,0.35534529418230965,-0.03144752930830452,0.00015686576317049724,Temperature,0.5408522080225506,Positive
Northern Lapwing,Spring,5,May,9,-0.011315586927792873,0.00048100553524754573,6.861793947225566e-05,-3.083458030791893e-05,0.41376092945624093,0.3616907893579512,-0.5605809971208044,0.3482158163793221,-0.04285469379308471,0.0008889797934888603,Precipitation,-0.5605809971208044,Negative
Large Hawk-Cuckoo,Summer,6,June,9,-0.09841689139988187,0.0025443154352388056,0.000754866078772064,-4.345214722151655e-05,0.718051304114057,1.5440201734149355,-0.6968491124700004,0.3477965325707987,-0.04352554788672203,0.0021252005326235497,Humidity,1.5440201734149355,Positive
Blyth's Pipit,Spring,5,May,8,-0.002302032224499732,0.0001162442049873114,1.2592497420574081e-05,-9.247986066546463e-06,0.3863201289881884,0.24878782547483494,-0.6572659237293419,0.4036155424454676,-0.04367280072043167,0.0002277137469646492,Precipitation,-0.6572659237293419,Negative
Arctic Warbler,Spring,5,May,9,-0.002460405883045387,0.0002820516277041489,2.3482347289461345e-05,2.0819775145349765e-05,0.3052561166121437,0.1557319219762157,0.4762255859704467,0.34325364070494735,-0.05079417487208415,0.0007092550845058042,Precipitation,0.4762255859704467,Positive
Asian Koel,Summer,7,July,9,0.024205605564914936,-0.00044705150346170024,-0.0001156353760212681,-3.286270342115833e-07,-0.4270866709113854,-0.6755125340944317,-0.03927573409995792,0.3422678628653135,-0.05237141941549828,0.0007584334032259053,Humidity,-0.6755125340944317,Negative
Yellow-browed Bunting,Spring,5,May,8,0.0002227089020269492,3.890965127793531e-05,7.026383713751868e-07,-6.91780129200624e-06,0.15745454212959442,0.01690327845222949,-0.5986649910887134,0.3985552085206294,-0.052528385088898455,0.00018780283600202898,Precipitation,-0.5986649910887134,Negative
Yellow-rumped Flycatcher,Summer,6,June,9,-0.23474300930059894,0.006863480108349694,0.0011602499863490347,-1.4908494185723649e-05,1.4433762000572323,1.7684193981944125,-0.1781607068477445,0.3402028067710715,-0.0556755091662855,0.002868553528231464,Humidity,1.7684193981944125,Positive
Black-winged Kite,Autumn,10,October,8,-0.002041553596117195,-0.0007348333794103909,0.00025445200262091776,-5.455195513129735e-05,-0.4613904273562194,1.2601913020458095,-1.0444168793487192,0.3960462787931648,-0.0569190121119616,0.0013141001374481413,Humidity,1.2601913020458095,Positive
Pacific Swift,Spring,5,May,9,0.0040392090564824535,-7.187317608065304e-05,-3.329553590677053e-05,3.997708739654699e-06,-0.26663259628199654,-0.7568900331799474,0.313442931078626,0.3340480732240311,-0.06552308284155028,0.00020836003446132913,Humidity,-0.7568900331799474,Negative
Gull-billed Tern,Spring,5,May,9,0.012682449590839062,-0.000357024748072055,-6.648385853738954e-05,3.797141336686998e-07,-0.4784151905009898,-0.545912738484513,0.01075385874461954,0.33065997147623327,-0.07094404563802681,0.0005783039317627604,Humidity,-0.545912738484513,Negative
Great Bustard,Spring,4,April,8,-0.0024814646698914414,0.000157573703659357,1.2752773687199464e-05,-1.4999213869709514e-05,0.40816627567822605,0.2759791309578328,-0.7813213409029635,0.38597745984446974,-0.07453944527217793,0.00023035375793212785,Precipitation,-0.7813213409029635,Negative
Kentish Plover,Spring,5,May,9,-0.0020000635752208855,0.00020672125128688804,-2.821067363570418e-05,-1.2594961757783986e-05,0.23714715166325298,-0.1983109141807574,-0.3053729512588468,0.32715605077695886,-0.07655031875686591,0.0006772730170593413,Precipitation,-0.3053729512588468,Negative
White-throated Rock-Thrush,Spring,5,May,8,0.003604340660956319,-7.007419233387966e-05,-3.938219786807703e-05,7.199867314404008e-06,-0.25938144768925847,-0.8705224153586906,0.5605493969043546,0.3809753727443954,-0.08329309769730808,0.00021277973823970625,Humidity,-0.8705224153586906,Negative
Northern Shrike,Autumn,11,November,8,0.001235183596223803,0.0001711520386144764,-2.6035118266446753e-05,3.568445152785744e-05,0.4122588471749347,-0.27096597670643774,0.5530035340018474,0.379845054777741,-0.08527115413895325,0.00048481408868388236,Precipitation,0.5530035340018474,Positive
Pacific Golden-Plover,Spring,5,May,9,0.003140123578472345,1.9911532621665322e-05,-5.1215482843265e-05,8.570261882068695e-06,0.044339752944143815,-0.6988600629363795,0.4033514269265594,0.3194625349049711,-0.08885994415204612,0.0003508947138279642,Humidity,-0.6988600629363795,Negative
Hen Harrier,Spring,3,March,9,-0.007551808624693856,0.0009512685026632327,2.5787292643146368e-05,2.4975841971739925e-05,0.5846210096720376,0.1495560167679953,0.11487583857344753,0.31737877801633296,-0.0921939551738673,0.001086030184377057,Temperature,0.5846210096720376,Positive
Swinhoe's/Pin-tailed Snipe,Spring,5,May,8,0.006541071871068697,-0.00017212252432267914,-3.552969564517485e-05,-5.543357794635893e-06,-0.27754169761840713,-0.41910036149317287,-0.23492227313705658,0.3717103625420941,-0.09950686555133537,0.00038496909234437377,Humidity,-0.41910036149317287,Negative
Graylag Goose,Spring,3,March,9,-0.0013755701442388609,0.00010455509052077766,8.882342440493135e-05,-5.866380255023093e-05,0.08332533315413851,0.6680150212311939,-0.3498962934759396,0.3091192484956835,-0.10540920240690643,0.0008425447457857237,Humidity,0.6680150212311939,Positive
Eyebrowed Thrush,Autumn,9,September,9,-0.0017295292052940119,6.052887655460643e-05,3.22086336853665e-05,-8.953559768116344e-06,0.07784450857137777,0.5341085359035316,-0.8097596102295757,0.30862542759841527,-0.10619931584253561,0.000453551985710084,Precipitation,-0.8097596102295757,Negative
Long-tailed Minivet,Summer,7,July,8,0.005888339115664912,-0.000162316274320559,1.6007878592364936e-05,-3.899692634770661e-06,-0.14805293785939497,0.0910614889662616,-0.4596822064075334,0.36690871560486604,-0.10790974769148454,0.0008000132810003346,Precipitation,-0.4596822064075334,Negative
Hair-crested Drongo,Summer,7,July,8,-0.013516337155942585,0.0005264133001788363,1.5542496105712874e-05,-5.882818539896045e-06,0.6093881455635423,0.09038409131376766,-0.8942809104144068,0.3623019230440029,-0.11597163467299487,0.0006120084385145471,Precipitation,-0.8942809104144068,Negative
Chinese Thrush,Spring,4,April,8,-0.0016027853436844743,0.00019964122920712043,-2.6435170123179714e-05,-6.103362964352224e-06,0.4035431175325968,-0.4238722052162627,-0.24606156863155157,0.36176960750256393,-0.11690318687051304,0.0003093313622965982,Humidity,-0.4238722052162627,Negative
White-winged Tern,Summer,8,August,9,0.017567655606596153,0.00010305591642111276,-0.0002452867093664297,2.615725856408578e-06,0.05041246344516409,-0.6574208030262357,0.11633295836481286,0.3012088806069111,-0.11806579102894221,0.0012395053735403522,Humidity,-0.6574208030262357,Negative
Tundra Bean-Goose,Spring,4,April,9,0.002245423547486167,-0.00016602589351303096,4.498550884632758e-05,-2.036436724588693e-05,-0.28870795782086656,0.5945313612157602,-0.6718947549411277,0.2961817004398233,-0.1261092792962828,0.00038276691790518696,Precipitation,-0.6718947549411277,Negative
Reed Bunting,Autumn,11,November,8,9.339044520925259e-05,-0.00018347097301403797,2.9924633919087934e-05,-1.9314470407217914e-05,-0.7175302594487774,0.5430261530755551,-0.5008636419028561,0.35596862455627976,-0.12705490702651034,0.00023973063459038145,Temperature,-0.7175302594487774,Negative
Eurasian Crag-Martin,Summer,7,July,8,0.025696301047899873,-0.0006690537614516638,-5.8464059522449884e-05,-2.435169719986479e-06,-0.48904927799298753,-0.266518017870129,-0.2300346144178682,0.35165575657025616,-0.13460242600205174,0.001010253159914751,Temperature,-0.48904927799298753,Negative
Little Tern,Spring,5,May,9,-0.004951320247314637,0.00026306851575573937,1.4817810686532435e-05,-1.7104888390883167e-05,0.3242607617821557,0.11192057643329427,-0.4456015515958466,0.2855878468848735,-0.14305944498420242,0.0006495136436151885,Precipitation,-0.4456015515958466,Negative
Siberian Accentor,Winter,2,February,9,-0.007290863999599486,-0.0016238555540924455,0.00038293388497550235,-0.00020836559838331828,-0.526427357371092,0.9226427373746829,-0.3320818985378766,0.28372973814407687,-0.14603241896947705,0.0033186231531660603,Humidity,0.9226427373746829,Positive
Eastern Red-rumped Swallow,Spring,5,May,9,0.01970712800508521,-0.0005008655295927095,5.250471510139297e-05,-4.964702460783591e-05,-0.27358807625752696,0.17574165030033032,-0.5731524764784736,0.282065405181965,-0.14869535170885606,0.0014692841854897134,Precipitation,-0.5731524764784736,Negative
Rook,Spring,4,April,8,0.0022349552771133555,-6.17220414359587e-06,-6.227093418333149e-06,-2.7408640052645042e-05,-0.006943986743831624,-0.053364152402777434,-0.5449147475056119,0.34331433265466693,-0.14919991785433284,0.0005773920553215029,Precipitation,-0.5449147475056119,Negative
Brown Shrike,Summer,6,June,9,0.018061972178285646,-0.0002910657334518905,-0.0001455501367078348,1.9442661167042303e-05,-0.22717619425011745,-0.8233469768197795,0.8623239212882557,0.2805721788461131,-0.15108451384621913,0.0008070766105197731,Precipitation,0.8623239212882557,Positive
Baikal Bush Warbler,Summer,6,June,9,0.002173547142984915,2.4751080517393182e-06,-3.056212793460354e-05,1.6407941942681576e-05,0.0017168048708496298,-0.1536416281597849,0.6467312860492149,0.2796938841511505,-0.15248978535815927,0.0009087086546892456,Precipitation,0.6467312860492149,Positive
Pallas's Gull,Spring,3,March,8,0.008864116583813477,-0.0005117719351896214,-9.868394858337596e-05,0.00012240141235171151,-0.46594674986325463,-0.8427616122681988,0.7477270329072221,0.33923932238338583,-0.1563311858290748,0.0007649457581088038,Humidity,-0.8427616122681988,Negative
Oriental Pratincole,Spring,5,May,9,0.006883915447475499,-0.00014282629873435984,-5.2605960110619706e-05,-3.956827987297502e-06,-0.21049316798692227,-0.47507824790474024,-0.12324744332454739,0.2741751622282056,-0.16131974043487096,0.0005475521337798011,Humidity,-0.47507824790474024,Negative
Red-flanked Bluetail,Spring,4,April,8,-0.013949307656161205,0.001116047510902548,-8.643000279724782e-05,2.3271036140809087e-05,0.5726251779251208,-0.33802220364206154,0.18129930750555093,0.3346768980563496,-0.16431542840138813,0.001168184822572757,Temperature,0.5726251779251208,Positive
Radde's Warbler,Spring,5,May,9,0.02641874757257649,-0.0009042511691498558,-1.4671335857714853e-05,1.9430915526863816e-06,-0.5287262277805156,-0.05256683226634375,0.024012421861410133,0.2660558856031011,-0.1743105830350382,0.0013878071035729118,Temperature,-0.5287262277805156,Negative
Chinese Beautiful Rosefinch,Winter,12,December,9,-0.0008026150474003324,0.00023080149840827653,8.707346151922733e-05,-0.0001514913868344604,0.16763149694709004,0.41073444731699604,-0.4917291813302959,0.2643280935505262,-0.17707505031915804,0.0014470523165028,Precipitation,-0.4917291813302959,Negative
Pacific Swift,Summer,6,June,9,0.02367650580359906,-0.000575400073608307,-0.0001104887604726166,-8.96178516257094e-06,-0.3926149318887571,-0.5464035830074891,-0.3474836816412643,0.26266141659519593,-0.1797417334476865,0.0009346079430325207,Humidity,-0.5464035830074891,Negative
Yellow-browed Bunting,Autumn,10,October,8,-0.002395470130987451,3.596883078975991e-06,7.524053138571176e-05,-1.87913890951987e-05,0.0050582938800185235,0.8346040567055623,-0.8057874141829448,0.32502100708081294,-0.18121323760857733,0.0006202599296735154,Humidity,0.8346040567055623,Positive
Bull-headed Shrike,Autumn,10,October,8,0.0012541132408068142,-0.00011502824289325844,9.645151916178496e-06,6.894315203275772e-06,-0.18851951597690936,0.12796368412883935,0.35744062489896566,0.3211595183209055,-0.18797084293841548,0.0005339291710954771,Precipitation,0.35744062489896566,Positive
Black-headed Gull,Spring,3,March,9,0.029729094092135314,-0.001568475904454231,-0.00021208203828288242,0.00018949264160635673,-0.5031680323100931,-0.6420456651927962,0.45495117963976844,0.2545842524634444,-0.19266519605848886,0.002174139448277514,Humidity,-0.6420456651927962,Negative
Chestnut Bunting,Spring,5,May,9,0.014815948704967675,-0.0004160411635884236,-7.963661168633709e-05,9.994992696871575e-06,-0.4526171212925327,-0.5308940056561171,0.22981484693580848,0.25407932033903613,-0.1934730874575421,0.0007519535837095475,Humidity,-0.5308940056561171,Negative
Mongolian Gull,Spring,5,May,8,-0.00547004604202319,0.00026080853217765986,4.2575076654114815e-06,-2.5934534153899553e-06,0.5619533493037882,0.05453497714324297,-0.11950190943720441,0.31754876397473286,-0.19428966304421746,0.00037571580119053746,Temperature,0.5619533493037882,Positive
Common Gull,Spring,4,April,8,0.0026342257859991755,-0.00014506811558856532,1.0235281055568422e-05,-1.2441141734425318e-05,-0.31139967548156,0.16735611750205215,-0.47193142451911696,0.3137141648067425,-0.20100021158820058,0.0003093620009175673,Precipitation,-0.47193142451911696,Negative
Eared Grebe,Spring,4,April,9,0.004209909446330664,2.004583728647836e-06,-7.91059575522984e-05,2.0326176019000954e-05,0.002386818786217869,-0.7158526566053067,0.45919624772937845,0.24731202627564053,-0.20430075795897507,0.000578095100185237,Humidity,-0.7158526566053067,Negative
Taiga Bean-Goose,Spring,3,March,8,-0.009542648312864334,0.0006788360788716834,0.00015399234164277734,-8.9617106260807e-05,0.397869542465061,0.7642092633192012,-0.3982126346563887,0.30550709428536815,-0.2153625850006058,0.0011972465263150704,Humidity,0.7642092633192012,Positive
Pine Bunting,Autumn,10,October,8,0.003981881074679506,-0.0002709628074104367,4.742167978085634e-05,-3.3598404556682e-05,-0.230786754975706,0.3185877196120373,-0.8725768971904844,0.30096814146609785,-0.2233057524343287,0.001042206125460144,Precipitation,-0.8725768971904844,Negative
Asian House-Martin,Summer,6,June,9,0.013016891127328952,-0.0002625003136833342,-0.00011116379741822816,1.2728053549763396e-05,-0.28334289794523076,-0.869649830027896,0.7807059419086718,0.23214830386536267,-0.22856271381541982,0.0006029052370699714,Humidity,-0.869649830027896,Negative
Asian Stubtail,Spring,5,May,9,0.00941239408295363,-0.0002600009575889354,-5.450341553248912e-05,1.569230418915638e-05,-0.35351105488601897,-0.45410067032225304,0.45093681765791555,0.2270551583564806,-0.23671174662963113,0.0006124710776405568,Humidity,-0.45410067032225304,Negative
Red-flanked/Qilian Bluetail,Spring,4,April,9,0.025358068659955598,-0.0007183480509705689,-0.0002325005690672954,7.032200405625114e-05,-0.221680408340977,-0.545300150690537,0.4117475614463735,0.2184960762367295,-0.25040627802123283,0.0022727948306046305,Humidity,-0.545300150690537,Negative
Pied Avocet,Spring,4,April,9,0.01344168717608696,-0.0006321579618518937,-5.7139755521279216e-06,3.307236886114339e-05,-0.37182911673651087,-0.025543203491225807,0.3690884779532564,0.21406420473501786,-0.25749727242397147,0.0011958116996517985,Temperature,-0.37182911673651087,Negative
Relict Gull,Spring,4,April,9,0.001237447673794558,-8.041645802918549e-05,2.319346508398066e-05,1.6781441378402994e-05,-0.08244569046980722,0.1807206825587108,0.32643722778982465,0.2134538449290838,-0.25847384811346585,0.0006863191765047418,Precipitation,0.32643722778982465,Positive
Common Tern,Spring,4,April,9,0.002480854850688154,-0.00010656288744608025,8.459225599418987e-05,-1.8948813898502768e-05,-0.1103521515618951,0.6657706339992364,-0.3723096198399383,0.2133922008672744,-0.2585724786123609,0.0006795029477848625,Humidity,0.6657706339992364,Positive
Japanese Waxwing,Winter,2,February,9,0.0037911308416575685,0.0007282686221725333,2.079817311683156e-05,-0.00029959646245485047,0.3002493626809742,0.06372860304076,-0.6072329184401356,0.2096883285818747,-0.26449867426900053,0.0027410643816664837,Precipitation,-0.6072329184401356,Negative
White-capped Redstart,Winter,12,December,8,-0.003132890806480761,-0.0003405743933540119,0.00010157661812721045,-0.00018703402946361263,-0.3196943597581219,0.6696552435633553,-0.8424613211157472,0.2761711638576724,-0.26670046324907326,0.0010708676898463494,Precipitation,-0.8424613211157472,Negative
Gray Nightjar,Summer,6,June,8,0.005921156047452061,-0.00030705153907491494,8.838888729992821e-05,-1.0431603590645805e-05,-0.3003213942971675,0.6574770632436191,-0.6255186862544426,0.2708988791626459,-0.27592696146536966,0.0006370988320282306,Humidity,0.6574770632436191,Positive
Eurasian Jay,Autumn,10,October,8,0.002727302282878378,0.00022946218825165303,-7.718092994881356e-05,6.230372332217992e-06,0.22646266593942885,-0.6654082038942511,0.2084783873936048,0.264642334046014,-0.28687591541947555,0.0008999435381843488,Humidity,-0.6654082038942511,Negative
Red-billed Chough,Summer,6,June,9,-0.1131215592918851,0.003302712526365559,0.0005334660339709528,-1.4348230436655277e-05,1.1171088491306684,1.3077659602911242,-0.27578208307864754,0.19009146605420468,-0.2958536543132726,0.001975996432532839,Humidity,1.3077659602911242,Positive
Ochre-rumped Bunting,Spring,3,March,8,-0.001365898381724035,0.00015091917723474978,3.3516263608707124e-05,-4.775377339607998e-05,0.32040427043123015,0.6674332998530081,-0.6802340914118348,0.25905620836223175,-0.2966516353660944,0.00034738185590555776,Precipitation,-0.6802340914118348,Negative
Little Heron,Summer,6,June,9,-0.1405605356871014,0.004119896005791464,0.0006471964907515145,-1.7448208043139068e-05,1.122307622634402,1.277792545744723,-0.2700968231153429,0.18893155393031769,-0.2977095137114918,0.0024552514777990433,Humidity,1.277792545744723,Positive
European Starling,Spring,3,March,8,0.002651539868514209,-0.0002525487950819269,1.7091009128640013e-05,2.6613698391995068e-05,-0.29619317673828466,0.18801645562621846,0.20942658558090038,0.2544662600754941,-0.30468404486788536,0.0006307717996808787,Temperature,-0.29619317673828466,Negative
Curlew Sandpiper,Spring,5,May,9,-0.003175204019772079,0.00014371471173851708,9.71936985645435e-06,-1.047490374247203e-06,0.45789987315005826,0.1897613564849154,-0.07053753216953121,0.18338152543868547,-0.30658955929810316,0.00026864557457710917,Temperature,0.45789987315005826,Positive
Black-tailed Godwit,Spring,5,May,9,0.0029357789546882907,-6.48846052696351e-05,-2.5191334080641318e-05,2.7396655760498007e-06,-0.22394138527961963,-0.5327754850223825,0.1998440266872531,0.1726123201697517,-0.3238202877283973,0.0002496325521866317,Humidity,-0.5327754850223825,Negative
Emberiza sp.,Autumn,10,October,8,0.005820219143638114,-0.00012989528310281147,-5.201192611244392e-05,3.2203336032290364e-06,-0.21375485769687386,-0.5799841995482393,0.1735775877363874,0.24213149411284296,-0.32626988530252476,0.0005519897682814191,Humidity,-0.5799841995482393,Negative
Gray-faced Buzzard,Spring,5,May,9,0.004100173443111686,-3.12168483645377e-05,-4.8007429615858455e-05,8.825492212914252e-06,-0.057539018122733245,-0.5422283465619538,0.34380584304101514,0.16969127625760172,-0.3284939579878372,0.0004682586343067724,Humidity,-0.5422283465619538,Negative
Black Swan,Winter,12,December,8,0.0024060551634924104,0.0003953608543968605,-2.018396793503462e-06,4.605529498785587e-05,0.46260297799651606,-0.015596847574961933,0.23848140891293687,0.23573166004160395,-0.3374695949271931,0.0009542756619960181,Temperature,0.46260297799651606,Positive
Koklass Pheasant,Summer,6,June,8,-0.09043872941186817,0.0025087875727650027,0.00048391376392886335,-1.8673426860967236e-05,1.4800776110219596,2.068528049139755,-0.6018099334502435,0.23431055929822198,-0.3399565212281115,0.001164131591196158,Humidity,2.068528049139755,Positive
Asian Brown Flycatcher,Spring,5,May,9,0.00014328657192412108,0.00023369492360058325,-2.9518444283371825e-05,2.12429245815781e-06,0.28472136104216783,-0.22037615917355266,0.05469983359519827,0.1573963155036412,-0.3481658951941742,0.000713641816429302,Temperature,0.28472136104216783,Positive
Crested Lark,Spring,3,March,8,-0.0032260212522866294,0.000282589838636126,6.041584658979769e-05,-0.00012447097017243022,0.21945506658001895,0.4400867998502203,-0.6485657011253011,0.22657554197144758,-0.35349280154996676,0.0009702602662595943,Precipitation,-0.6485657011253011,Negative
Chinese Leaf Warbler,Summer,6,June,9,-0.12088155416775222,0.003325985459073491,0.0007613429608280576,-2.8580453065510524e-05,0.6705744153839264,1.112514058621944,-0.3274452755932362,0.14864948678193246,-0.362160821148908,0.0033987596579883326,Humidity,1.112514058621944,Positive
Siberian Blue Robin,Summer,8,August,9,-0.013567944864793296,-0.00030532825403190917,0.0003555836925861963,-1.9354818541998354e-05,-0.10133473892763568,0.6466028719767486,-0.5840177128770906,0.14506364944239414,-0.3678981608921694,0.0020207623824435536,Humidity,0.6466028719767486,Positive
Ashy Minivet,Autumn,9,September,9,-0.001727911848617936,8.391657069357821e-05,8.139368836049316e-06,-3.7760844217436986e-06,0.15507408650288831,0.19394298755700015,-0.4907137246466721,0.14202146879196187,-0.3727656499328611,0.00035162718670117576,Precipitation,-0.4907137246466721,Negative
Coal Tit,Winter,1,January,9,-0.00042099476796640347,-5.49870633247741e-05,4.5757376920505125e-05,-1.6927469931565604e-05,-0.05005943255129512,0.3891360152268777,-0.02952658816080919,0.14190178308822055,-0.3729571470588471,0.0008882881988744341,Humidity,0.3891360152268777,Positive
Eastern Marsh Harrier,Autumn,10,October,8,-0.00422980106654872,0.000603202207978881,-2.5320386910016617e-05,1.68363383347537e-05,0.5931028626335105,-0.19637596655292508,0.5047758861051449,0.20879614242820255,-0.38460675075064543,0.0009604691820981505,Temperature,0.5931028626335105,Positive
Gray Nightjar,Spring,5,May,9,0.003538426730085959,-9.879200094308148e-05,-1.5374413467975568e-05,-4.75743429796197e-07,-0.3199021010451032,-0.305066303252935,-0.03255884838447117,0.13318438980855885,-0.38690497630630594,0.000272337493894571,Temperature,-0.3199021010451032,Negative
Blue Rock-Thrush,Summer,6,June,9,-0.041725860621140615,0.0012748098013505601,0.00016984952672106007,1.2893904060961783e-06,1.030675527508278,0.9952666438138477,0.05923849154135313,0.12762803908577602,-0.3957951374627584,0.0008579602476719837,Temperature,1.030675527508278,Positive
Eurasian Goshawk,Spring,3,March,9,0.000530385091497213,0.00010221413047047403,2.088744614789092e-06,2.5130027362706622e-05,0.161869074538764,0.031215128555297976,0.2978400951918548,0.12741134902253237,-0.39614184156394816,0.0004765134235080718,Precipitation,0.2978400951918548,Positive
Upland Buzzard,Winter,1,January,9,-0.00043729745416025754,-0.0001102978487263371,0.00010139402238023497,7.265251490462996e-05,-0.037917799581117906,0.3256142087887686,0.047854475019281514,0.1113630880906844,-0.4218190590549049,0.0023938496957952343,Humidity,0.3256142087887686,Positive
Eurasian Crag-Martin,Spring,3,March,8,0.0006683415974492357,-2.831430818671742e-05,7.285902741238536e-06,-1.2511274497492009e-05,-0.13127057941746637,0.31684234822658736,-0.3891883508622876,0.18409556399754257,-0.4278327630043006,0.0001669269914592685,Precipitation,-0.3891883508622876,Negative
Oriental Honey-buzzard,Spring,5,May,9,0.002537408019646962,0.00013465288924177147,-4.014238839803654e-05,1.2887143842179191e-05,0.14846373679946745,-0.2712116193597046,0.3003048266377947,0.09657079176753369,-0.4454867331719461,0.000816548035297239,Precipitation,0.3003048266377947,Positive
White-bellied Redstart,Summer,6,June,9,-0.00015029022753669665,-1.1426277249667064e-05,5.2095024476226366e-05,-9.419688699442973e-06,-0.010455005855446698,0.3454731554579987,-0.4897777587019793,0.08403119321864083,-0.4655500908501746,0.000776808030155945,Precipitation,-0.4897777587019793,Negative
Long-tailed Rosefinch,Winter,1,January,9,-0.0006012368580718609,-0.0004203963000934337,3.307248532820563e-05,0.00011048473731742179,-0.2040064165881187,0.1499224551527162,0.10272663186694725,0.07480641176768943,-0.480309741171697,0.0017303826575959967,Temperature,-0.2040064165881187,Negative
Phylloscopus sp.,Autumn,10,October,8,0.0017576298203554014,-0.00022101658757249658,3.197720583813477e-05,-6.080526588275143e-06,-0.45078110140401606,0.579851608110602,-0.4301675603590353,0.14845475596126012,-0.49020417706779473,0.0004542199249850681,Humidity,0.579851608110602,Positive
Manchurian Bush Warbler,Summer,6,June,8,0.15741821554748986,-0.004518366153742563,-0.0006023435325878929,1.4264671525275347e-05,-1.0758540430954484,-1.0391758038910552,0.18554465048287683,0.11974789227642946,-0.5404411885162483,0.003092629880688704,Temperature,-1.0758540430954484,Negative
Eurasian Woodcock,Spring,4,April,9,-0.0003121452978858299,0.00010020669608904713,-1.5143875626449688e-05,5.5171999477590984e-06,0.15728421031489087,-0.18065276772506653,0.16430641059763615,0.03669092740424107,-0.5412945161532143,0.0004961140069942593,Humidity,-0.18065276772506653,Negative
Southern Nutcracker,Autumn,10,October,8,0.002011619414175509,-0.00010445353283618903,3.644905203055865e-06,-9.382302307890061e-06,-0.1560227877686348,0.04294395491107904,-0.42732488078571695,0.11879487355481166,-0.5421089712790796,0.0006672367240836554,Precipitation,-0.42732488078571695,Negative
Common Chaffinch,Winter,1,January,9,0.00043938561654097895,7.922838861692886e-05,2.3822318307981905e-05,4.540852164244013e-05,0.05002282822992061,0.14050324467576714,0.05493139162644544,0.030269898063111977,-0.5515681630990208,0.0013615976964761374,Humidity,0.14050324467576714,Positive
Chinese Bush Warbler,Summer,6,June,8,-0.021360022743335608,0.0006431617214040935,9.066263220524918e-05,2.1243617904526554e-08,1.059724619237583,1.0823656441975322,0.0019121239618820505,0.10551110467585656,-0.565355566817251,0.0004505167962482307,Humidity,1.0823656441975322,Positive
Golden Eagle,Winter,1,January,8,-0.0002251348901913658,-0.00011305471940328363,3.8181876666069456e-05,-8.732501247643034e-05,-0.07470216232708624,0.2308528447182495,-0.06993223780294403,0.03609744450797714,-0.68682947211104,0.0013554218257748147,Humidity,0.2308528447182495,Positive
Asian Stubtail,Summer,6,June,8,0.021203229988850856,-0.0006466951796895333,3.671613772013971e-05,-1.1889916611338777e-05,-0.2030042233494526,0.08350938387804431,-0.20389143647738991,0.026054438038306205,-0.7044047334329642,0.002467506114129764,Precipitation,-0.20389143647738991,Negative
