common_name,season,seasonal_category,season_months,record_years,year_month_observations,temperature_correlation,temperature_n,humidity_correlation,humidity_n,prcp_correlation,prcp_n,strongest_environment_factor,strongest_correlation,strongest_absolute_correlation
Brown Eared-Pheasant,Spring,春候鸟,"3,4,5",3,5,-0.98962990790121,5,0.5308368232180851,5,-0.42398015916986437,5,temperature,-0.98962990790121,0.98962990790121
Brambling,Spring,春候鸟,"3,4,5",9,27,-0.9540692746233683,27,-0.24711292942142407,27,-0.47076898145043244,27,temperature,-0.9540692746233683,0.9540692746233683
Yellow-browed Warbler,Spring,春候鸟,"3,4,5",9,25,0.9295984718972863,25,0.21581902463010627,25,0.44529730875686657,25,temperature,0.9295984718972863,0.9295984718972863
Black-legged Kittiwake,Spring,春候鸟,"3,4,5",4,5,-0.9283760215894863,5,0.20891441830989974,5,0.2798860376085377,5,temperature,-0.9283760215894863,0.9283760215894863
Asian Brown Flycatcher,Spring,春候鸟,"3,4,5",9,13,0.9277196192374585,13,0.1863285198144415,13,0.09287262397863989,13,temperature,0.9277196192374585,0.9277196192374585
Daurian Jackdaw,Spring,春候鸟,"3,4,5",9,25,-0.9212256583734224,25,0.008004539177457439,25,-0.42958152850711845,25,temperature,-0.9212256583734224,0.9212256583734224
Common Goldeneye,Spring,春候鸟,"3,4,5",9,20,-0.9205586021545028,20,0.09282365420662979,20,-0.3393696051697235,20,temperature,-0.9205586021545028,0.9205586021545028
Common Swift,Spring,春候鸟,"3,4,5",9,25,0.9199580052867149,25,0.1495194698732637,25,0.3701344684933166,25,temperature,0.9199580052867149,0.9199580052867149
bird sp.,Spring,春候鸟,"3,4,5",4,6,0.7766000123263485,6,0.9144835968627795,6,0.7503741829888111,6,humidity,0.9144835968627795,0.9144835968627795
Whiskered Tern,Spring,春候鸟,"3,4,5",9,15,0.9114306285046947,15,0.2670775802832062,15,0.02110228756067241,15,temperature,0.9114306285046947,0.9114306285046947
Eastern Red-rumped Swallow,Spring,春候鸟,"3,4,5",9,25,0.9035893654333164,25,0.05501657800014797,25,0.4120734003596916,25,temperature,0.9035893654333164,0.9035893654333164
Oriental Honey-buzzard,Spring,春候鸟,"3,4,5",9,14,0.9023906135581758,14,0.4507865900700078,14,0.36017909032443535,14,temperature,0.9023906135581758,0.9023906135581758
Swinhoe's Snipe,Spring,春候鸟,"3,4,5",4,6,0.4371748595676659,6,0.2546305337797397,6,0.900804694815103,6,prcp,0.900804694815103,0.900804694815103
Eurasian Skylark,Spring,春候鸟,"3,4,5",9,24,-0.8908951349355346,24,-0.09630089560533915,24,-0.2758292113237457,24,temperature,-0.8908951349355346,0.8908951349355346
Black-bellied Plover,Spring,春候鸟,"3,4,5",4,5,-0.2041396239581761,5,-0.8890131164450719,5,-0.05772492635968794,5,humidity,-0.8890131164450719,0.8890131164450719
Richard's Pipit,Spring,春候鸟,"3,4,5",9,17,0.8889589842365109,17,0.1482534868023608,17,-0.03569899880517674,17,temperature,0.8889589842365109,0.8889589842365109
Falcated Duck,Spring,春候鸟,"3,4,5",9,26,-0.8847189228304125,26,-0.09883510416581277,26,-0.3814835546921345,26,temperature,-0.8847189228304125,0.8847189228304125
Arctic Warbler,Spring,春候鸟,"3,4,5",9,11,0.8809901838988815,11,0.6158849044201851,11,0.5158953031285797,11,temperature,0.8809901838988815,0.8809901838988815
Northern Pintail,Spring,春候鸟,"3,4,5",9,24,-0.8668473941883345,24,-0.1193647290429787,24,-0.5310495978823548,24,temperature,-0.8668473941883345,0.8668473941883345
Terek Sandpiper,Spring,春候鸟,"3,4,5",5,5,0.5861056974494891,5,-0.6480124151205253,5,-0.8666811277140245,5,prcp,-0.8666811277140245,0.8666811277140245
Rook,Spring,春候鸟,"3,4,5",9,23,-0.8645496225743659,23,-0.02848823127589563,23,-0.5447243412169233,23,temperature,-0.8645496225743659,0.8645496225743659
Dusky Warbler,Spring,春候鸟,"3,4,5",9,19,0.8643164118463971,19,0.46637413512995596,19,0.2748719331237568,19,temperature,0.8643164118463971,0.8643164118463971
Vega/Mongolian Gull,Spring,春候鸟,"3,4,5",9,24,-0.8628350040637086,24,-0.19263355557910666,24,-0.3996463117276898,24,temperature,-0.8628350040637086,0.8628350040637086
Taiga Flycatcher,Spring,春候鸟,"3,4,5",9,20,0.8620772238652605,20,0.48561730340900283,20,0.3331508763914121,20,temperature,0.8620772238652605,0.8620772238652605
Common Sandpiper,Spring,春候鸟,"3,4,5",9,25,0.8603759700700053,25,0.18143969811745514,25,0.26047614515163225,25,temperature,0.8603759700700053,0.8603759700700053
Barn Swallow,Spring,春候鸟,"3,4,5",9,27,0.8532667121198927,27,0.03010262835621523,27,0.34141718191514137,27,temperature,0.8532667121198927,0.8532667121198927
Daurian Starling,Spring,春候鸟,"3,4,5",9,16,0.8521987307131101,16,0.5499213806622885,16,0.3643075961154122,16,temperature,0.8521987307131101,0.8521987307131101
Olive-backed Pipit,Spring,春候鸟,"3,4,5",9,26,0.8422311491770313,26,0.059834341829118724,26,0.2880114660914509,26,temperature,0.8422311491770313,0.8422311491770313
Tundra Swan,Spring,春候鸟,"3,4,5",9,21,-0.8385542431197613,21,-0.04878680541823193,21,-0.5154231763998847,21,temperature,-0.8385542431197613,0.8385542431197613
Chinese Sparrowhawk,Spring,春候鸟,"3,4,5",9,10,0.3719961324112267,10,0.5564874245433507,10,0.8375684560878562,10,prcp,0.8375684560878562,0.8375684560878562
Pacific Golden-Plover,Spring,春候鸟,"3,4,5",9,13,0.8259703084365296,13,0.28276999103894224,13,0.1911836848915962,13,temperature,0.8259703084365296,0.8259703084365296
shorebird sp.,Spring,春候鸟,"3,4,5",3,5,-0.25925872799764094,5,-0.39851402452550727,5,-0.822802694101319,5,prcp,-0.822802694101319,0.822802694101319
Koklass Pheasant,Spring,春候鸟,"3,4,5",6,10,-0.8191429768355613,10,0.17676463934348993,10,-0.4386689152656322,10,temperature,-0.8191429768355613,0.8191429768355613
Tundra/Whooper Swan,Spring,春候鸟,"3,4,5",5,7,-0.6329662452238756,7,-0.8166173010694451,7,-0.6446797262937514,7,humidity,-0.8166173010694451,0.8166173010694451
Whooper Swan,Spring,春候鸟,"3,4,5",9,24,-0.8046675578531363,24,-0.013555365714525184,24,-0.2763344364287078,24,temperature,-0.8046675578531363,0.8046675578531363
Radde's Warbler,Spring,春候鸟,"3,4,5",9,15,0.8043961554132907,15,0.47383181951729475,15,0.2837048093069688,15,temperature,0.8043961554132907,0.8043961554132907
Common Pochard,Spring,春候鸟,"3,4,5",9,27,-0.8011196556412209,27,-0.0672727091755877,27,-0.30324529026710223,27,temperature,-0.8011196556412209,0.8011196556412209
Eurasian Wigeon,Spring,春候鸟,"3,4,5",9,25,-0.7930775799742975,25,-0.0962176122372052,25,-0.35724219132385787,25,temperature,-0.7930775799742975,0.7930775799742975
White-throated Needletail,Spring,春候鸟,"3,4,5",8,9,-0.32632552438148593,9,0.26913775075921037,9,0.7891946834975757,9,prcp,0.7891946834975757,0.7891946834975757
Marsh/Willow Tit,Spring,春候鸟,"3,4,5",3,7,-0.39841211528749493,7,-0.7848766214377653,7,-0.5185205713170381,7,humidity,-0.7848766214377653,0.7848766214377653
Tundra Bean-Goose,Spring,春候鸟,"3,4,5",9,23,-0.7838416846461141,23,-0.142160538974953,23,-0.41379997004151564,23,temperature,-0.7838416846461141,0.7838416846461141
Eastern Crowned Warbler,Spring,春候鸟,"3,4,5",9,16,0.7748985829427798,16,0.5553524026087298,16,0.27337903158427823,16,temperature,0.7748985829427798,0.7748985829427798
Eared Grebe,Spring,春候鸟,"3,4,5",9,16,-0.7748145969051844,16,-0.522257805007197,16,-0.24853517571901754,16,temperature,-0.7748145969051844,0.7748145969051844
Russet Sparrow,Spring,春候鸟,"3,4,5",9,23,0.7719641303942394,23,0.364035279083481,23,0.5849086476976513,23,temperature,0.7719641303942394,0.7719641303942394
Claudia's Leaf Warbler,Spring,春候鸟,"3,4,5",9,18,0.7711415422989357,18,0.5287769390010659,18,0.20013062056951242,18,temperature,0.7711415422989357,0.7711415422989357
Black-faced Bunting,Spring,春候鸟,"3,4,5",9,26,0.7680997507715399,26,0.12912267077754225,26,0.3072175716228911,26,temperature,0.7680997507715399,0.7680997507715399
Pacific Swift,Spring,春候鸟,"3,4,5",9,18,0.7486841181349461,18,0.3031679008109766,18,0.34886277499106877,18,temperature,0.7486841181349461,0.7486841181349461
Long-toed Stint,Spring,春候鸟,"3,4,5",9,13,0.7480202123458031,13,-0.06863339334517109,13,-0.2178700069282281,13,temperature,0.7480202123458031,0.7480202123458031
Swan Goose,Spring,春候鸟,"3,4,5",9,27,-0.7449699468167665,27,0.09271763456007141,27,-0.22876747112600107,27,temperature,-0.7449699468167665,0.7449699468167665
Eastern Yellow Wagtail,Spring,春候鸟,"3,4,5",9,19,0.743565326115636,19,0.24851208144221643,19,0.15942558799694023,19,temperature,0.743565326115636,0.743565326115636
Mongolian Gull,Spring,春候鸟,"3,4,5",9,25,-0.7392473610156309,25,-0.1671833947528661,25,-0.39102173496244935,25,temperature,-0.7392473610156309,0.7392473610156309
Tufted Duck,Spring,春候鸟,"3,4,5",9,22,-0.7297147918761221,22,-0.09118871313476024,22,-0.3412696170073189,22,temperature,-0.7297147918761221,0.7297147918761221
Amur Stonechat,Spring,春候鸟,"3,4,5",9,18,0.723104856866741,18,0.29964966122535086,18,0.11068692214293832,18,temperature,0.723104856866741,0.723104856866741
Chestnut-eared Bunting,Spring,春候鸟,"3,4,5",9,14,0.7207952063852331,14,0.023928464016675158,14,-0.04576569527131426,14,temperature,0.7207952063852331,0.7207952063852331
Bluethroat,Spring,春候鸟,"3,4,5",9,16,0.7186930279438416,16,0.1793886504772751,16,0.07359436029125921,16,temperature,0.7186930279438416,0.7186930279438416
crow/raven sp.,Spring,春候鸟,"3,4,5",3,6,-0.7060785099318985,6,-0.020814746253139275,6,-0.4400815599699992,6,temperature,-0.7060785099318985,0.7060785099318985
Oriental Cuckoo,Spring,春候鸟,"3,4,5",5,5,-0.7060629929244874,5,0.4339763203482279,5,0.19769573318599434,5,temperature,-0.7060629929244874,0.7060629929244874
Pin-tailed Snipe,Spring,春候鸟,"3,4,5",5,5,0.7055133341267975,5,-0.3445563388321419,5,-0.4432901297820064,5,temperature,0.7055133341267975,0.7055133341267975
Siberian Crane,Spring,春候鸟,"3,4,5",3,5,-0.7049743839257402,5,-0.019084529501686195,5,-0.5547411289743367,5,temperature,-0.7049743839257402,0.7049743839257402
Blyth's Pipit,Spring,春候鸟,"3,4,5",8,13,0.6994462914277474,13,0.03991196127115298,13,-0.22427391104556416,13,temperature,0.6994462914277474,0.6994462914277474
Northern Shoveler,Spring,春候鸟,"3,4,5",9,24,-0.6966443235469172,24,-0.29773153359214,24,-0.32853663524246013,24,temperature,-0.6966443235469172,0.6966443235469172
Dark-sided Flycatcher,Spring,春候鸟,"3,4,5",9,10,0.5530358802721139,10,0.6789227475616261,10,0.6413441176135146,10,humidity,0.6789227475616261,0.6789227475616261
Black-headed Gull,Spring,春候鸟,"3,4,5",9,27,-0.6777100152948311,27,-0.28391872402920443,27,-0.28192646986466113,27,temperature,-0.6777100152948311,0.6777100152948311
diurnal raptor sp.,Spring,春候鸟,"3,4,5",6,10,-0.6762150718721409,10,-0.39047121902372584,10,-0.5620722586561179,10,temperature,-0.6762150718721409,0.6762150718721409
Lesser White-fronted Goose,Spring,春候鸟,"3,4,5",5,6,0.5588423483431753,6,0.22081287320787957,6,0.6760673647256206,6,prcp,0.6760673647256206,0.6760673647256206
Pale-legged Leaf Warbler,Spring,春候鸟,"3,4,5",8,10,0.6726630619892863,10,-0.23406215599920205,10,-0.3698890616884871,10,temperature,0.6726630619892863,0.6726630619892863
Ashy Minivet,Spring,春候鸟,"3,4,5",8,11,0.6695596987110688,11,-0.03626466796377128,11,-0.029625629944609953,11,temperature,0.6695596987110688,0.6695596987110688
Tristram's Bunting,Spring,春候鸟,"3,4,5",9,25,0.6693897231282107,25,0.10767550137450452,25,0.22328783532839164,25,temperature,0.6693897231282107,0.6693897231282107
Greater Scaup,Spring,春候鸟,"3,4,5",5,8,-0.6647310933667628,8,-0.06968814696683075,8,-0.38582411266938976,8,temperature,-0.6647310933667628,0.6647310933667628
Wood Sandpiper,Spring,春候鸟,"3,4,5",9,18,0.6641250672906707,18,0.21817231729548633,18,0.05137198419197817,18,temperature,0.6641250672906707,0.6641250672906707
Gray-streaked Flycatcher,Spring,春候鸟,"3,4,5",9,9,0.002304559009310879,9,0.6638918141201432,9,0.5476291894127451,9,humidity,0.6638918141201432,0.6638918141201432
Green-backed Flycatcher,Spring,春候鸟,"3,4,5",9,14,0.5547476453729381,14,0.5620164971879401,14,0.6593071843266074,14,prcp,0.6593071843266074,0.6593071843266074
Ferruginous Duck x Baer's Pochard (hybrid),Spring,春候鸟,"3,4,5",4,6,-0.6081749593392687,6,-0.1509564536340055,6,-0.6559121941649709,6,prcp,-0.6559121941649709,0.6559121941649709
Greater Spotted Eagle,Spring,春候鸟,"3,4,5",9,25,-0.12470885416898225,25,-0.655862202449783,25,-0.20288508761144253,25,humidity,-0.655862202449783,0.655862202449783
Chestnut Bunting,Spring,春候鸟,"3,4,5",9,12,0.6476540443289404,12,0.10251780063088259,12,0.12582531721004134,12,temperature,0.6476540443289404,0.6476540443289404
Siberian Thrush,Spring,春候鸟,"3,4,5",6,6,-0.6339462155669304,6,0.3234860574460376,6,-0.060161160798339185,6,temperature,-0.6339462155669304,0.6339462155669304
White-throated Rock-Thrush,Spring,春候鸟,"3,4,5",8,9,-0.6334864603446798,9,-0.18750021240193385,9,-0.05570770135412259,9,temperature,-0.6334864603446798,0.6334864603446798
Taiga Bean-Goose,Spring,春候鸟,"3,4,5",9,24,-0.6256011352394273,24,-0.09060435754030804,24,-0.3598640923876491,24,temperature,-0.6256011352394273,0.6256011352394273
swan sp.,Spring,春候鸟,"3,4,5",5,6,-0.5012660788933425,6,0.003262245302566234,6,-0.6251096043667311,6,prcp,-0.6251096043667311,0.6251096043667311
Little Owl,Spring,春候鸟,"3,4,5",8,17,-0.6215364475521874,17,-0.07918113385757791,17,-0.3004555600675463,17,temperature,-0.6215364475521874,0.6215364475521874
Pallas's Leaf Warbler,Spring,春候鸟,"3,4,5",9,27,0.6172630489917268,27,-0.11796651593006198,27,0.17994367865187838,27,temperature,0.6172630489917268,0.6172630489917268
Eastern Buzzard,Spring,春候鸟,"3,4,5",9,27,-0.6162074630038777,27,-0.33442592754088657,27,-0.32611201174790083,27,temperature,-0.6162074630038777,0.6162074630038777
Little Tern,Spring,春候鸟,"3,4,5",9,15,0.6129443270191749,15,0.07744580208607221,15,-0.18922015845885148,15,temperature,0.6129443270191749,0.6129443270191749
Booted Eagle,Spring,春候鸟,"3,4,5",8,15,-0.5261727763847509,15,-0.612413882632799,15,-0.42772909280674626,15,humidity,-0.612413882632799,0.612413882632799
Marsh Sandpiper,Spring,春候鸟,"3,4,5",9,16,-0.12487972417005179,16,-0.6004300739903431,16,-0.510328646159744,16,humidity,-0.6004300739903431,0.6004300739903431
Common Gull,Spring,春候鸟,"3,4,5",8,17,-0.5977388388527026,17,-0.32891463762957396,17,-0.46173141890411895,17,temperature,-0.5977388388527026,0.5977388388527026
Graylag Goose,Spring,春候鸟,"3,4,5",9,25,-0.5966972431634938,25,0.00785959481138235,25,-0.27435592793655406,25,temperature,-0.5966972431634938,0.5966972431634938
Two-barred Warbler,Spring,春候鸟,"3,4,5",9,12,0.5947859716794801,12,0.5931982500522504,12,0.4456734022946707,12,temperature,0.5947859716794801,0.5947859716794801
Chinese Thrush,Spring,春候鸟,"3,4,5",9,17,0.5912400780874968,17,0.04022555062844184,17,-0.08288743404349777,17,temperature,0.5912400780874968,0.5912400780874968
Common Tern,Spring,春候鸟,"3,4,5",9,18,0.5813613004442978,18,0.534547066561088,18,0.276941692131121,18,temperature,0.5813613004442978,0.5813613004442978
Bank Swallow,Spring,春候鸟,"3,4,5",9,17,0.5791905852731406,17,0.09602490115062769,17,0.16572630680209693,17,temperature,0.5791905852731406,0.5791905852731406
Pallas's/Reed Bunting,Spring,春候鸟,"3,4,5",3,6,-0.4975937353820604,6,-0.4436392408378003,6,-0.5791696062751923,6,prcp,-0.5791696062751923,0.5791696062751923
Eastern Cattle-Egret,Spring,春候鸟,"3,4,5",9,14,0.5788579024075682,14,-0.28689762610555,14,-0.06852124156370652,14,temperature,0.5788579024075682,0.5788579024075682
Eurasian Crag-Martin,Spring,春候鸟,"3,4,5",9,22,-0.5765601965779585,22,-0.057851938460470154,22,-0.20345226723248983,22,temperature,-0.5765601965779585,0.5765601965779585
Yellow-rumped Flycatcher,Spring,春候鸟,"3,4,5",9,10,0.5204122042717196,10,0.5720097275803003,10,0.5322046361841091,10,humidity,0.5720097275803003,0.5720097275803003
Oriental Plover,Spring,春候鸟,"3,4,5",8,15,-0.5696204727664983,15,0.1990457650057193,15,0.022830207068185497,15,temperature,-0.5696204727664983,0.5696204727664983
Baer's Pochard,Spring,春候鸟,"3,4,5",9,23,-0.5611805289000591,23,-0.17047112795102343,23,-0.45493339650640463,23,temperature,-0.5611805289000591,0.5611805289000591
Forest Wagtail,Spring,春候鸟,"3,4,5",9,9,-0.3738825840824965,9,0.30109198700550255,9,0.5609289983577153,9,prcp,0.5609289983577153,0.5609289983577153
Pied Wheatear,Spring,春候鸟,"3,4,5",7,7,-0.31162099350462436,7,-0.5598104237949364,7,-0.5535493466761968,7,humidity,-0.5598104237949364,0.5598104237949364
hawk sp.,Spring,春候鸟,"3,4,5",5,9,-0.5535798206266124,9,-0.17290319796399445,9,-0.43653469541581824,9,temperature,-0.5535798206266124,0.5535798206266124
Ruff,Spring,春候鸟,"3,4,5",5,7,-0.08921970783661719,7,-0.5510879352413243,7,-0.21190220831975615,7,humidity,-0.5510879352413243,0.5510879352413243
Eurasian Goshawk,Spring,春候鸟,"3,4,5",9,23,-0.5494806418600031,23,-0.29503225833354785,23,-0.41711345370695335,23,temperature,-0.5494806418600031,0.5494806418600031
Asian Stubtail,Spring,春候鸟,"3,4,5",9,12,0.5482161149688671,12,0.34047609117308814,12,0.40223974405541596,12,temperature,0.5482161149688671,0.5482161149688671
Eurasian Whimbrel,Spring,春候鸟,"3,4,5",8,10,0.5460510320132695,10,-0.07416406598961625,10,-0.42281356046732665,10,temperature,0.5460510320132695,0.5460510320132695
Dalmatian Pelican,Spring,春候鸟,"3,4,5",4,5,0.2713468451344275,5,0.41108287903297164,5,0.5426322340869616,5,prcp,0.5426322340869616,0.5426322340869616
Greater White-fronted Goose,Spring,春候鸟,"3,4,5",9,18,-0.5396948059076945,18,-0.09279312236624089,18,-0.35201043001900906,18,temperature,-0.5396948059076945,0.5396948059076945
Eyebrowed Thrush,Spring,春候鸟,"3,4,5",9,14,0.533875651769711,14,0.2333410742680927,14,0.18760639721897068,14,temperature,0.533875651769711,0.533875651769711
Common Greenshank,Spring,春候鸟,"3,4,5",9,17,0.5337240503594377,17,-0.20763882767088615,17,-0.25530102316649766,17,temperature,0.5337240503594377,0.5337240503594377
Hen Harrier,Spring,春候鸟,"3,4,5",9,27,-0.5322769516711388,27,-0.22723592947713064,27,-0.18364999145580024,27,temperature,-0.5322769516711388,0.5322769516711388
Muscovy Duck,Spring,春候鸟,"3,4,5",3,7,-0.49605886701394897,7,0.01805516496067843,7,-0.5292705440049035,7,prcp,-0.5292705440049035,0.5292705440049035
Eurasian Nuthatch,Spring,春候鸟,"3,4,5",9,26,0.17043498606569818,26,0.5281786533264432,26,0.33811969567091293,26,humidity,0.5281786533264432,0.5281786533264432
snipe sp.,Spring,春候鸟,"3,4,5",9,19,0.5271433897621624,19,-0.25875063648707797,19,-0.0434873351034386,19,temperature,0.5271433897621624,0.5271433897621624
Common Shelduck,Spring,春候鸟,"3,4,5",9,25,-0.5269102537228763,25,-0.39839217327050397,25,-0.3323411565468336,25,temperature,-0.5269102537228763,0.5269102537228763
Mongolian Short-toed Lark,Spring,春候鸟,"3,4,5",9,13,-0.37940938753366843,13,-0.5264321728432335,13,-0.20099965609985848,13,humidity,-0.5264321728432335,0.5264321728432335
Reed Bunting,Spring,春候鸟,"3,4,5",8,20,-0.5236624996331215,20,0.47728035100258004,20,0.036237074105105745,20,temperature,-0.5236624996331215,0.5236624996331215
Domestic goose sp. (Domestic type),Spring,春候鸟,"3,4,5",3,7,-0.4095640507274171,7,-0.5118443917002149,7,-0.2455903943716803,7,humidity,-0.5118443917002149,0.5118443917002149
Lesser Black-backed Gull,Spring,春候鸟,"3,4,5",7,12,-0.47673018365703485,12,0.5117304967979603,12,0.03354380047283678,12,humidity,0.5117304967979603,0.5117304967979603
Northern Lapwing,Spring,春候鸟,"3,4,5",9,27,-0.5048927101029392,27,-0.09204645501314347,27,-0.18226026502644802,27,temperature,-0.5048927101029392,0.5048927101029392
Himalayan Owl,Spring,春候鸟,"3,4,5",9,18,0.4876271574756114,18,0.13043696114196582,18,0.037924510351413886,18,temperature,0.4876271574756114,0.4876271574756114
Swinhoe's/Pin-tailed Snipe,Spring,春候鸟,"3,4,5",8,12,0.4861916081165279,12,-0.03936673454572233,12,-0.17508189005104802,12,temperature,0.4861916081165279,0.4861916081165279
Little Bunting,Spring,春候鸟,"3,4,5",9,27,0.48196882507903444,27,-0.06322010534572989,27,0.05589084034084394,27,temperature,0.48196882507903444,0.48196882507903444
Rosy Pipit,Spring,春候鸟,"3,4,5",7,13,-0.21238429175303988,13,-0.4802910966972696,13,-0.3545701302871466,13,humidity,-0.4802910966972696,0.4802910966972696
Lesser Kestrel,Spring,春候鸟,"3,4,5",7,10,-0.47984873172141235,10,0.1498156055225982,10,-0.3768232528461488,10,temperature,-0.47984873172141235,0.47984873172141235
Crested Goshawk,Spring,春候鸟,"3,4,5",5,9,-0.4793195279514934,9,-0.30833286121824877,9,-0.19762935506429374,9,temperature,-0.4793195279514934,0.4793195279514934
Siberian House-Martin,Spring,春候鸟,"3,4,5",6,9,0.4784001176538905,9,0.06707204621005373,9,0.2970783208067939,9,temperature,0.4784001176538905,0.4784001176538905
Pallas's Gull,Spring,春候鸟,"3,4,5",8,14,-0.4781703206788056,14,-0.22741874392551628,14,-0.27345405564373065,14,temperature,-0.4781703206788056,0.4781703206788056
Red-flanked/Qilian Bluetail,Spring,春候鸟,"3,4,5",9,25,-0.4690567087782334,25,-0.22016618553140974,25,-0.16910045911406013,25,temperature,-0.4690567087782334,0.4690567087782334
White-winged Tern,Spring,春候鸟,"3,4,5",9,10,0.39933179554348613,10,-0.46572789477999665,10,0.2061285792678908,10,humidity,-0.46572789477999665,0.46572789477999665
Ferruginous Duck,Spring,春候鸟,"3,4,5",9,27,-0.46176369395809636,27,0.04863787965505692,27,0.004706335001852233,27,temperature,-0.46176369395809636,0.46176369395809636
Taiga/Tundra Bean-Goose,Spring,春候鸟,"3,4,5",9,19,-0.4574978905163397,19,0.1436168531862437,19,-0.05038791005138037,19,temperature,-0.4574978905163397,0.4574978905163397
Little Curlew,Spring,春候鸟,"3,4,5",4,6,-0.023493200058805366,6,0.45590635320574496,6,0.03241333361791711,6,humidity,0.45590635320574496,0.45590635320574496
pipit sp.,Spring,春候鸟,"3,4,5",5,7,-0.4466457413812337,7,-0.046702833686681405,7,0.1115403043737615,7,temperature,-0.4466457413812337,0.4466457413812337
Oriental Stork,Spring,春候鸟,"3,4,5",9,20,-0.4445478166267242,20,-0.4380829489789414,20,-0.33757652532836935,20,temperature,-0.4445478166267242,0.4445478166267242
Baillon's Crake,Spring,春候鸟,"3,4,5",9,13,-0.4434164820039627,13,-0.10646753992660087,13,-0.3351869497089564,13,temperature,-0.4434164820039627,0.4434164820039627
Baikal Bush Warbler,Spring,春候鸟,"3,4,5",9,9,-0.44147713869593885,9,0.27746674822711953,9,-0.18389241077669613,9,temperature,-0.44147713869593885,0.44147713869593885
duck sp.,Spring,春候鸟,"3,4,5",4,6,-0.37112258606468757,6,-0.24429169716163077,6,-0.4271632834760403,6,prcp,-0.4271632834760403,0.4271632834760403
Gull-billed Tern,Spring,春候鸟,"3,4,5",9,16,0.42656296323937243,16,0.17454480476526102,16,0.0431973171449214,16,temperature,0.42656296323937243,0.42656296323937243
Thick-billed Warbler,Spring,春候鸟,"3,4,5",9,10,0.42604819768445434,10,0.1925656703424216,10,0.010766541346745533,10,temperature,0.42604819768445434,0.42604819768445434
Siberian Blue Robin,Spring,春候鸟,"3,4,5",9,10,0.42004242981143214,10,0.42026173253483806,10,0.35243328415900704,10,humidity,0.42026173253483806,0.42026173253483806
Purple Heron,Spring,春候鸟,"3,4,5",9,23,0.4201965645679815,23,0.11006596955788128,23,0.34797968342791286,23,temperature,0.4201965645679815,0.4201965645679815
Hume's Warbler,Spring,春候鸟,"3,4,5",9,18,-0.36582020402744675,18,-0.414083740267893,18,-0.2754843710174638,18,humidity,-0.414083740267893,0.414083740267893
Black-tailed Godwit,Spring,春候鸟,"3,4,5",9,18,-0.4114550714146709,18,-0.2976568490278919,18,-0.10294039997358893,18,temperature,-0.4114550714146709,0.4114550714146709
crow sp.,Spring,春候鸟,"3,4,5",9,18,-0.4064479843631362,18,-0.23079372322248742,18,-0.1142911868385902,18,temperature,-0.4064479843631362,0.4064479843631362
Relict Gull,Spring,春候鸟,"3,4,5",9,19,-0.10671394083577461,19,0.1356696159961374,19,0.3975189640354724,19,prcp,0.3975189640354724,0.3975189640354724
Great Bustard,Spring,春候鸟,"3,4,5",9,15,-0.38748846795266073,15,0.04315022142198344,15,-0.1295341372408447,15,temperature,-0.38748846795266073,0.38748846795266073
falcon sp.,Spring,春候鸟,"3,4,5",6,10,0.38565715550809815,10,-0.22064075570386402,10,0.0769089950111753,10,temperature,0.38565715550809815,0.38565715550809815
Red-flanked Bluetail,Spring,春候鸟,"3,4,5",8,15,-0.16726698004407617,15,-0.3767070372112979,15,-0.298217755791271,15,humidity,-0.3767070372112979,0.3767070372112979
Crested Lark,Spring,春候鸟,"3,4,5",8,16,-0.3751832029036822,16,-0.14078005913587277,16,-0.33225192717160806,16,temperature,-0.3751832029036822,0.3751832029036822
Gray Nightjar,Spring,春候鸟,"3,4,5",9,10,0.36972757068306966,10,0.02407321786344362,10,0.009557361011222513,10,temperature,0.36972757068306966,0.36972757068306966
Gray-headed Lapwing,Spring,春候鸟,"3,4,5",9,26,-0.03313177538194168,26,-0.36186060749921245,26,-0.12094634574066947,26,humidity,-0.36186060749921245,0.36186060749921245
passerine sp.,Spring,春候鸟,"3,4,5",7,13,-0.1644075314339253,13,-0.35214741463209376,13,-0.2737984466636554,13,humidity,-0.35214741463209376,0.35214741463209376
Black-winged Stilt,Spring,春候鸟,"3,4,5",9,26,0.3495771814408177,26,-0.1905580275003958,26,0.13745686956608918,26,temperature,0.3495771814408177,0.3495771814408177
Black Kite,Spring,春候鸟,"3,4,5",9,26,-0.15405497162275117,26,-0.3495047741280065,26,-0.005599944585854214,26,humidity,-0.3495047741280065,0.3495047741280065
Oriental Scops-Owl,Spring,春候鸟,"3,4,5",9,18,0.32523549047301864,18,-0.1654455375848886,18,-0.3449507920883588,18,prcp,-0.3449507920883588,0.3449507920883588
Pied Harrier,Spring,春候鸟,"3,4,5",9,18,-0.3234389507511224,18,0.08404809788854528,18,0.3413724303369164,18,prcp,0.3413724303369164,0.3413724303369164
Hair-crested Drongo,Spring,春候鸟,"3,4,5",9,9,0.06818415165555859,9,0.3349925146118526,9,-0.2412659944605072,9,humidity,0.3349925146118526,0.3349925146118526
Collared Crow,Spring,春候鸟,"3,4,5",4,5,-0.09444356774273191,5,-0.24255596349965977,5,-0.3297196120145097,5,prcp,-0.3297196120145097,0.3297196120145097
Ochre-rumped Bunting,Spring,春候鸟,"3,4,5",8,21,-0.32464936520135695,21,0.04036080456552604,21,-0.22215670615436173,21,temperature,-0.32464936520135695,0.32464936520135695
Pied Avocet,Spring,春候鸟,"3,4,5",9,26,-0.3240086081375223,26,-0.1624815448830876,26,-0.0709261319106938,26,temperature,-0.3240086081375223,0.3240086081375223
Merlin,Spring,春候鸟,"3,4,5",9,14,-0.32106051864172824,14,0.1430802705139765,14,0.09313673708012613,14,temperature,-0.32106051864172824,0.32106051864172824
Gray-faced Buzzard,Spring,春候鸟,"3,4,5",9,23,0.13253608557585753,23,-0.31934956539531595,23,-0.02980158556509771,23,humidity,-0.31934956539531595,0.31934956539531595
Dendrocopos sp.,Spring,春候鸟,"3,4,5",2,5,-0.3174172865592413,5,-0.2252994186507357,5,-0.031920699214548515,5,temperature,-0.3174172865592413,0.3174172865592413
Rufous-tailed Robin,Spring,春候鸟,"3,4,5",5,6,0.28476279176768965,6,0.30959848868819645,6,0.04416624605240198,6,humidity,0.30959848868819645,0.30959848868819645
Coal Tit,Spring,春候鸟,"3,4,5",9,24,-0.2660303163225363,24,0.3051744848478914,24,-0.04218660796006694,24,humidity,0.3051744848478914,0.3051744848478914
White-naped Crane,Spring,春候鸟,"3,4,5",9,15,-0.1392085454409301,15,0.0928933021348686,15,0.3050107870846376,15,prcp,0.3050107870846376,0.3050107870846376
Garganey,Spring,春候鸟,"3,4,5",9,26,-0.05560099700817885,26,-0.30431946647597286,26,-0.003831483037097188,26,humidity,-0.30431946647597286,0.30431946647597286
Long-tailed Minivet,Spring,春候鸟,"3,4,5",9,17,0.049634649757059064,17,0.28778917612740224,17,0.1487860728002904,17,humidity,0.28778917612740224,0.28778917612740224
Yellow-browed Bunting,Spring,春候鸟,"3,4,5",9,21,0.28254684690016174,21,-0.16988559222035643,21,-0.1329792419786196,21,temperature,0.28254684690016174,0.28254684690016174
Chinese Penduline-Tit,Spring,春候鸟,"3,4,5",9,27,0.2728357158858865,27,-0.09362078405170801,27,0.00023482655932714863,27,temperature,0.2728357158858865,0.2728357158858865
Eurasian Spoonbill,Spring,春候鸟,"3,4,5",9,25,0.10422249330419031,25,-0.26791957677611455,25,-0.0253798506632216,25,humidity,-0.26791957677611455,0.26791957677611455
Phylloscopus sp.,Spring,春候鸟,"3,4,5",8,18,0.25897917152668304,18,0.03987980286274437,18,0.005955184564800201,18,temperature,0.25897917152668304,0.25897917152668304
Common Snipe,Spring,春候鸟,"3,4,5",9,26,0.18909885605038743,26,-0.2534041791101181,26,0.06379970318362829,26,humidity,-0.2534041791101181,0.2534041791101181
Eastern Marsh Harrier,Spring,春候鸟,"3,4,5",9,24,0.25321307916912567,24,-0.14192251850702253,24,0.21575780208394088,24,temperature,0.25321307916912567,0.25321307916912567
Northern Boobook,Spring,春候鸟,"3,4,5",7,8,0.2527880210249014,8,0.1345830096883874,8,-0.12405060314365303,8,temperature,0.2527880210249014,0.2527880210249014
Little Ringed Plover,Spring,春候鸟,"3,4,5",9,26,0.12393002743794466,26,-0.25103603225298365,26,0.03898384265701293,26,humidity,-0.25103603225298365,0.25103603225298365
Eurasian Woodcock,Spring,春候鸟,"3,4,5",9,15,-0.01871465475216818,15,-0.24121115250543917,15,-0.176970866967631,15,humidity,-0.24121115250543917,0.24121115250543917
Red-throated Pipit,Spring,春候鸟,"3,4,5",9,20,0.057064384190283216,20,-0.24038127020128855,20,-0.04735120848040656,20,humidity,-0.24038127020128855,0.24038127020128855
Citrine Wagtail,Spring,春候鸟,"3,4,5",9,22,0.17223933944603737,22,-0.23082879592035177,22,0.0677524799434386,22,humidity,-0.23082879592035177,0.23082879592035177
Temminck's Stint,Spring,春候鸟,"3,4,5",9,19,-0.22790884124265712,19,-0.04832678212439558,19,-0.06123190038758591,19,temperature,-0.22790884124265712,0.22790884124265712
Curlew Sandpiper,Spring,春候鸟,"3,4,5",9,13,0.14067560591328587,13,-0.22208377557558173,13,-0.12279971807866777,13,humidity,-0.22208377557558173,0.22208377557558173
Graylag x Swan Goose (hybrid),Spring,春候鸟,"3,4,5",6,12,-0.15917690573041265,12,0.2167673451835245,12,-0.19933393427803517,12,humidity,0.2167673451835245,0.2167673451835245
Siberian Pipit,Spring,春候鸟,"3,4,5",9,26,-0.21153776513932318,26,-0.16700491494438152,26,0.044639659729432145,26,temperature,-0.21153776513932318,0.21153776513932318
woodpecker sp.,Spring,春候鸟,"3,4,5",4,7,0.20534043483887485,7,-0.007428428809613963,7,0.14653559682515005,7,temperature,0.20534043483887485,0.20534043483887485
Osprey,Spring,春候鸟,"3,4,5",9,26,0.04810330760426601,26,-0.2040844045393311,26,0.14765576055623247,26,humidity,-0.2040844045393311,0.2040844045393311
Red-crested Pochard,Spring,春候鸟,"3,4,5",9,26,0.013403015619082718,26,0.023025699234845997,26,0.2007636115101913,26,prcp,0.2007636115101913,0.2007636115101913
Greater Sand-Plover,Spring,春候鸟,"3,4,5",9,18,-0.08439369722240551,18,-0.19962963124700978,18,0.009768702175025934,18,humidity,-0.19962963124700978,0.19962963124700978
European Starling,Spring,春候鸟,"3,4,5",9,18,-0.1950082344114411,18,0.0854610432951429,18,-0.18076210975072435,18,temperature,-0.1950082344114411,0.1950082344114411
Asian Short-toed Lark,Spring,春候鸟,"3,4,5",9,23,-0.09079907243942928,23,-0.04510534436139827,23,0.18968858488068882,23,prcp,0.18968858488068882,0.18968858488068882
Black Swan,Spring,春候鸟,"3,4,5",9,21,-0.09780515821195873,21,-0.07495740244344953,21,0.18872935707577868,21,prcp,0.18872935707577868,0.18872935707577868
Short-toed Snake-Eagle,Spring,春候鸟,"3,4,5",8,23,-0.15727166518154748,23,-0.18629792272215612,23,-0.04344981381138912,23,humidity,-0.18629792272215612,0.18629792272215612
Kentish Plover,Spring,春候鸟,"3,4,5",9,26,-0.14132278757807956,26,-0.17962047901712414,26,-0.04738407269945924,26,humidity,-0.17962047901712414,0.17962047901712414
Bar-headed Goose,Spring,春候鸟,"3,4,5",8,17,-0.17953918824021634,17,-0.07038866090340404,17,0.13520925040650872,17,temperature,-0.17953918824021634,0.17953918824021634
Common Redshank,Spring,春候鸟,"3,4,5",9,20,-0.10071156603349295,20,-0.15355517146782652,20,-0.015146552487838,20,humidity,-0.15355517146782652,0.15355517146782652
Eurasian Wryneck,Spring,春候鸟,"3,4,5",9,15,-0.0052364190583228274,15,0.15171254345085305,15,-0.019201943761888583,15,humidity,0.15171254345085305,0.15171254345085305
Oriental Pratincole,Spring,春候鸟,"3,4,5",9,18,-0.07763851333669405,18,-0.1199526162588211,18,-0.042013519220325146,18,humidity,-0.1199526162588211,0.1199526162588211
Eurasian Curlew,Spring,春候鸟,"3,4,5",9,19,-0.10780594775557195,19,-0.035270682340465535,19,-0.08780411270735622,19,temperature,-0.10780594775557195,0.10780594775557195
Japanese Quail,Spring,春候鸟,"3,4,5",9,26,-0.04984039121824767,26,-0.0012383296491624905,26,-0.047652796377181256,26,temperature,-0.04984039121824767,0.04984039121824767
Black-winged Cuckooshrike,Spring,春候鸟,"3,4,5",4,4,,4,,4,,4,,,
Japanese Grosbeak,Spring,春候鸟,"3,4,5",4,4,,4,,4,,4,,,
Pechora Pipit,Spring,春候鸟,"3,4,5",4,4,,4,,4,,4,,,
Mallard x Northern Pintail (hybrid),Spring,春候鸟,"3,4,5",3,3,,3,,3,,3,,,
Red Collared-Dove,Spring,春候鸟,"3,4,5",3,3,,3,,3,,3,,,
Scolopacidae sp.,Spring,春候鸟,"3,4,5",3,3,,3,,3,,3,,,
Western/Eastern Yellow Wagtail,Spring,春候鸟,"3,4,5",3,4,,4,,4,,4,,,
owl sp.,Spring,春候鸟,"3,4,5",3,3,,3,,3,,3,,,
swallow sp.,Spring,春候鸟,"3,4,5",3,4,,4,,4,,4,,,
Anser sp.,Spring,春候鸟,"3,4,5",2,4,,4,,4,,4,,,
Ferruginous Duck/Baer's Pochard,Spring,春候鸟,"3,4,5",2,2,,2,,2,,2,,,
goose sp.,Spring,春候鸟,"3,4,5",2,2,,2,,2,,2,,,
gull sp.,Spring,春候鸟,"3,4,5",2,4,,4,,4,,4,,,
myna/starling sp.,Spring,春候鸟,"3,4,5",2,2,,2,,2,,2,,,
pigeon/dove sp.,Spring,春候鸟,"3,4,5",2,4,,4,,4,,4,,,
rail/crake sp.,Spring,春候鸟,"3,4,5",2,2,,2,,2,,2,,,
white egret sp.,Spring,春候鸟,"3,4,5",2,3,,3,,3,,3,,,
Calidris sp.,Spring,春候鸟,"3,4,5",1,1,,1,,1,,1,,,
Demoiselle Crane,Spring,春候鸟,"3,4,5",1,3,,3,,3,,3,,,
Larus sp.,Spring,春候鸟,"3,4,5",1,2,,2,,2,,2,,,
Red-necked Grebe,Spring,春候鸟,"3,4,5",1,2,,2,,2,,2,,,
muscicapid sp.,Spring,春候鸟,"3,4,5",1,1,,1,,1,,1,,,
parid sp.,Spring,春候鸟,"3,4,5",1,3,,3,,3,,3,,,
Common Pochard x Ferruginous Duck (hybrid),Spring,春候鸟,"3,4,5",0,0,,0,,0,,0,,,
finch sp.,Spring,春候鸟,"3,4,5",0,0,,0,,0,,0,,,
heron sp.,Spring,春候鸟,"3,4,5",0,0,,0,,0,,0,,,
Asian Koel,Summer,夏候鸟,"6,7,8",9,24,-0.0052774124905841675,24,-0.7964462902633955,24,-0.5159217343514111,24,humidity,-0.7964462902633955,0.7964462902633955
Chestnut-winged Cuckoo,Summer,夏候鸟,"6,7,8",6,8,-0.7414971236827439,8,0.11797360150231251,8,0.3216638092226433,8,temperature,-0.7414971236827439,0.7414971236827439
Dark-sided Flycatcher,Summer,夏候鸟,"6,7,8",9,18,-0.3389946207994294,18,0.7371902201934852,18,0.22202728126027524,18,humidity,0.7371902201934852,0.7371902201934852
Green-backed Flycatcher,Summer,夏候鸟,"6,7,8",8,24,-0.01283550355792753,24,-0.7216493544813201,24,-0.5864634748815047,24,humidity,-0.7216493544813201,0.7216493544813201
Indian Cuckoo,Summer,夏候鸟,"6,7,8",9,27,0.26368017322948795,27,-0.7129770135376942,27,-0.39817256530733774,27,humidity,-0.7129770135376942,0.7129770135376942
Blunt-winged Warbler,Summer,夏候鸟,"6,7,8",5,7,0.3360061117587436,7,-0.6185099565521005,7,-0.7074061128238155,7,prcp,-0.7074061128238155,0.7074061128238155
Pheasant-tailed Jacana,Summer,夏候鸟,"6,7,8",4,5,0.7050042554697336,5,0.5209458784781044,5,0.4152601458621363,5,temperature,0.7050042554697336,0.7050042554697336
Yellow-rumped Flycatcher,Summer,夏候鸟,"6,7,8",9,27,-0.04066159187979767,27,-0.6963356650409618,27,-0.5304123685681971,27,humidity,-0.6963356650409618,0.6963356650409618
Common Swift,Summer,夏候鸟,"6,7,8",9,27,0.33327553687012146,27,-0.6863959808741839,27,-0.28039422804025493,27,humidity,-0.6863959808741839,0.6863959808741839
Marsh Grassbird,Summer,夏候鸟,"6,7,8",5,6,-0.0604924127082839,6,0.6767215699793547,6,-0.20543108127353785,6,humidity,0.6767215699793547,0.6767215699793547
swallow sp.,Summer,夏候鸟,"6,7,8",5,7,0.02270154786051002,7,0.6539544238268012,7,0.5018075373579765,7,humidity,0.6539544238268012,0.6539544238268012
Eastern Crowned Warbler,Summer,夏候鸟,"6,7,8",9,22,0.044680209999270824,22,-0.6493223238992054,22,-0.617235146080888,22,humidity,-0.6493223238992054,0.6493223238992054
Lesser Coucal,Summer,夏候鸟,"6,7,8",5,7,0.6449907664226108,7,0.2725722820879119,7,0.1609407083346922,7,temperature,0.6449907664226108,0.6449907664226108
Brown Shrike,Summer,夏候鸟,"6,7,8",9,27,-0.32427194207101545,27,0.6386904323597145,27,0.29221934176498293,27,humidity,0.6386904323597145,0.6386904323597145
Russet Sparrow,Summer,夏候鸟,"6,7,8",9,21,-0.17935428073338947,21,-0.6222802970929793,21,-0.5722328311496461,21,humidity,-0.6222802970929793,0.6222802970929793
Pallas's Grasshopper Warbler,Summer,夏候鸟,"6,7,8",9,17,-0.1076823436084463,17,-0.6161339600043197,17,-0.45389537170540073,17,humidity,-0.6161339600043197,0.6161339600043197
Red-necked Stint,Summer,夏候鸟,"6,7,8",7,10,-0.6083219393215089,10,-0.16525586198883047,10,-0.020269194344518522,10,temperature,-0.6083219393215089,0.6083219393215089
Large Hawk-Cuckoo,Summer,夏候鸟,"6,7,8",9,23,-0.12256891053108891,23,-0.6074360729369822,23,-0.5162954218855089,23,humidity,-0.6074360729369822,0.6074360729369822
Chinese Pond-Heron,Summer,夏候鸟,"6,7,8",9,27,0.10898142807550096,27,0.6025415176214773,27,0.4019050009479394,27,humidity,0.6025415176214773,0.6025415176214773
Rosy Pipit,Summer,夏候鸟,"6,7,8",8,15,0.056136818617766315,15,-0.4775627627146898,15,-0.5887136551053994,15,prcp,-0.5887136551053994,0.5887136551053994
Sharp-tailed Sandpiper,Summer,夏候鸟,"6,7,8",6,9,-0.5870128403470922,9,0.547175433493933,9,0.059919237070923996,9,temperature,-0.5870128403470922,0.5870128403470922
Lesser Cuckoo,Summer,夏候鸟,"6,7,8",8,14,-0.42698030961378547,14,-0.49720761358138293,14,-0.5754567867354439,14,prcp,-0.5754567867354439,0.5754567867354439
Eurasian Nuthatch,Summer,夏候鸟,"6,7,8",9,23,-0.08063818090405243,23,-0.5331950134092427,23,-0.5754017236484977,23,prcp,-0.5754017236484977,0.5754017236484977
Asian Stubtail,Summer,夏候鸟,"6,7,8",8,17,-0.24468865100484377,17,-0.5085773074501888,17,-0.561539332190563,17,prcp,-0.561539332190563,0.561539332190563
Common Cuckoo,Summer,夏候鸟,"6,7,8",9,27,0.3512568653683559,27,-0.5573602324632729,27,-0.16651180498310494,27,humidity,-0.5573602324632729,0.5573602324632729
Alstr√∂m's Warbler,Summer,夏候鸟,"6,7,8",7,10,-0.36468495964165737,10,-0.5570020571581629,10,-0.5079611932248322,10,humidity,-0.5570020571581629,0.5570020571581629
Slaty-backed Flycatcher,Summer,夏候鸟,"6,7,8",5,6,-0.5445662628593189,6,0.2676047983847026,6,-0.3322940951799752,6,temperature,-0.5445662628593189,0.5445662628593189
Claudia's Leaf Warbler,Summer,夏候鸟,"6,7,8",9,26,-0.11595222071517511,26,-0.5202714924494859,26,-0.5441463722176743,26,prcp,-0.5441463722176743,0.5441463722176743
Pacific Swift,Summer,夏候鸟,"6,7,8",9,20,0.10362767136189584,20,-0.5264062581039988,20,-0.36501289431883155,20,humidity,-0.5264062581039988,0.5264062581039988
Eurasian Wryneck,Summer,夏候鸟,"6,7,8",8,8,0.03155165730137536,8,0.5255025624882376,8,0.10493118652809674,8,humidity,0.5255025624882376,0.5255025624882376
Chinese Beautiful Rosefinch,Summer,夏候鸟,"6,7,8",8,22,-0.18292638591537116,22,-0.4586853859321178,22,-0.5185024121243256,22,prcp,-0.5185024121243256,0.5185024121243256
Himalayan Owl,Summer,夏候鸟,"6,7,8",9,20,0.410161881820314,20,-0.5171407374955802,20,-0.3935135326693036,20,humidity,-0.5171407374955802,0.5171407374955802
Long-tailed Minivet,Summer,夏候鸟,"6,7,8",8,18,-0.16369934176991455,18,-0.510908188505326,18,-0.5102487314193371,18,humidity,-0.510908188505326,0.510908188505326
Yellow-streaked Warbler,Summer,夏候鸟,"6,7,8",9,24,-0.07127770681573582,24,-0.4486624489820643,24,-0.4854708117517078,24,prcp,-0.4854708117517078,0.4854708117517078
Yellow-legged Buttonquail,Summer,夏候鸟,"6,7,8",8,9,-0.47512497806477877,9,-0.0944048696367947,9,-0.41021238677503596,9,temperature,-0.47512497806477877,0.47512497806477877
Terek Sandpiper,Summer,夏候鸟,"6,7,8",5,6,-0.462557095651855,6,0.1434825282394668,6,-0.22611379949367588,6,temperature,-0.462557095651855,0.462557095651855
Chinese Leaf Warbler,Summer,夏候鸟,"6,7,8",9,21,0.07548893224755354,21,-0.45993659459787134,21,-0.45221629093706583,21,humidity,-0.45993659459787134,0.45993659459787134
Eastern Red-rumped Swallow,Summer,夏候鸟,"6,7,8",9,27,0.4501231347804025,27,0.26953011243789543,27,0.4537527047652283,27,prcp,0.4537527047652283,0.4537527047652283
Manchurian Bush Warbler,Summer,夏候鸟,"6,7,8",8,21,-0.02622775162520308,21,-0.40144002912367127,21,-0.44923680771228913,21,prcp,-0.44923680771228913,0.44923680771228913
Greater Painted-Snipe,Summer,夏候鸟,"6,7,8",4,6,-0.4440460059800798,6,0.21494726874339137,6,0.21966386200700483,6,temperature,-0.4440460059800798,0.4440460059800798
Eurasian Hobby,Summer,夏候鸟,"6,7,8",9,26,-0.2083695794921892,26,0.43989514772945126,26,0.3175883103131994,26,humidity,0.43989514772945126,0.43989514772945126
Zitting Cisticola,Summer,夏候鸟,"6,7,8",9,27,-0.1428191699585245,27,0.4360696570779467,27,0.3114180298358993,27,humidity,0.4360696570779467,0.4360696570779467
Barn Swallow,Summer,夏候鸟,"6,7,8",9,27,0.33106479215224544,27,0.3772966096627366,27,0.42584125485708757,27,prcp,0.42584125485708757,0.42584125485708757
Baikal Bush Warbler,Summer,夏候鸟,"6,7,8",9,14,-0.13693193485602212,14,-0.4162829318049516,14,-0.27475988112421207,14,humidity,-0.4162829318049516,0.4162829318049516
Yellow Bittern,Summer,夏候鸟,"6,7,8",9,27,0.1816850262439344,27,0.403374260580334,27,0.38141501189391547,27,humidity,0.403374260580334,0.403374260580334
Blue Whistling-Thrush,Summer,夏候鸟,"6,7,8",9,13,0.03744184848289864,13,-0.22521886584111392,13,-0.39085877571399574,13,prcp,-0.39085877571399574,0.39085877571399574
Whiskered Tern,Summer,夏候鸟,"6,7,8",9,22,0.3714284418235359,22,-0.20787923967476982,22,0.2927675040407199,22,temperature,0.3714284418235359,0.3714284418235359
Red-billed Chough,Summer,夏候鸟,"6,7,8",9,22,-0.05749986829910704,22,-0.3169194708262199,22,-0.36902449147970784,22,prcp,-0.36902449147970784,0.36902449147970784
Himalayan Cuckoo,Summer,夏候鸟,"6,7,8",9,11,-0.3488779367298601,11,-0.367411339223473,11,-0.3585391010011161,11,humidity,-0.367411339223473,0.367411339223473
Siberian Blue Robin,Summer,夏候鸟,"6,7,8",9,24,-0.10830931263527027,24,-0.3029889834158233,24,-0.3601792488836675,24,prcp,-0.3601792488836675,0.3601792488836675
Amur Falcon,Summer,夏候鸟,"6,7,8",9,27,-0.01888123939300204,27,0.3526672593675712,27,0.31826475287720246,27,humidity,0.3526672593675712,0.3526672593675712
Broad-billed Sandpiper,Summer,夏候鸟,"6,7,8",5,6,-0.2585487729049358,6,-0.34974476470002736,6,0.05298856049220499,6,humidity,-0.34974476470002736,0.34974476470002736
White-winged Tern,Summer,夏候鸟,"6,7,8",9,20,-0.34343863151421294,20,0.33743183508824287,20,0.09584545156341188,20,temperature,-0.34343863151421294,0.34343863151421294
Greenish/Two-barred Warbler,Summer,夏候鸟,"6,7,8",5,5,0.074294175120472,5,-0.09940040796275003,5,-0.34207242990441633,5,prcp,-0.34207242990441633,0.34207242990441633
Southern Nutcracker,Summer,夏候鸟,"6,7,8",9,16,-0.06919080532900326,16,-0.18451771243049822,16,-0.3384111061956066,16,prcp,-0.3384111061956066,0.3384111061956066
Dollarbird,Summer,夏候鸟,"6,7,8",9,22,-0.08789533096941801,22,-0.33139468947142886,22,-0.09632574335944229,22,humidity,-0.33139468947142886,0.33139468947142886
Swinhoe's White-eye,Summer,夏候鸟,"6,7,8",9,24,0.328932274675657,24,-0.26507182200669366,24,-0.19504576021138575,24,temperature,0.328932274675657,0.328932274675657
Common Tern,Summer,夏候鸟,"6,7,8",9,25,0.3271197554759659,25,-0.045184144185883394,25,0.27826523196026,25,temperature,0.3271197554759659,0.3271197554759659
White-backed Woodpecker,Summer,夏候鸟,"6,7,8",7,12,-0.18837653591454803,12,0.03150943423457691,12,-0.3258457292837675,12,prcp,-0.3258457292837675,0.3258457292837675
Hair-crested Drongo,Summer,夏候鸟,"6,7,8",9,22,0.010573841923792847,22,-0.3222514570075905,22,-0.32336006457665273,22,prcp,-0.32336006457665273,0.32336006457665273
Asian House-Martin,Summer,夏候鸟,"6,7,8",9,20,0.08039173465039308,20,-0.3139511986879441,20,-0.20532879944682972,20,humidity,-0.3139511986879441,0.3139511986879441
Oriental Reed Warbler,Summer,夏候鸟,"6,7,8",9,27,0.3080688996124996,27,-0.24543981698293374,27,0.00782008172470137,27,temperature,0.3080688996124996,0.3080688996124996
White-bellied Redstart,Summer,夏候鸟,"6,7,8",9,14,-0.2091888981624487,14,-0.12274318774138412,14,-0.3000307097746475,14,prcp,-0.3000307097746475,0.3000307097746475
Bull-headed Shrike,Summer,夏候鸟,"6,7,8",7,19,0.22993362297406736,19,-0.21952261798348627,19,-0.2941982462795181,19,prcp,-0.2941982462795181,0.2941982462795181
Cuculus sp.,Summer,夏候鸟,"6,7,8",7,9,-0.12727435815692323,9,0.2873208758880256,9,0.19190373268375366,9,humidity,0.2873208758880256,0.2873208758880256
Eurasian Crag-Martin,Summer,夏候鸟,"6,7,8",9,18,0.18981064119399885,18,0.283582789735154,18,-0.00032400683355294726,18,humidity,0.283582789735154,0.283582789735154
Blue-and-white Flycatcher,Summer,夏候鸟,"6,7,8",7,8,-0.23016177044653918,8,0.27599496247377525,8,0.27320021289247326,8,humidity,0.27599496247377525,0.27599496247377525
Black-naped Oriole,Summer,夏候鸟,"6,7,8",9,27,0.18568589349363626,27,-0.27509302903352884,27,-0.01079492288943656,27,humidity,-0.27509302903352884,0.27509302903352884
Gray Nightjar,Summer,夏候鸟,"6,7,8",9,16,0.13628371570538506,16,-0.25554790689219326,16,-0.11946744936136092,16,humidity,-0.25554790689219326,0.25554790689219326
Gray-sided Thrush,Summer,夏候鸟,"6,7,8",8,16,-0.004053805975275172,16,-0.05415565167225257,16,-0.25456068308702573,16,prcp,-0.25456068308702573,0.25456068308702573
Black Drongo,Summer,夏候鸟,"6,7,8",9,27,-0.24933546610425406,27,-0.1103139834793271,27,-0.02011947286337033,27,temperature,-0.24933546610425406,0.24933546610425406
Brownish-flanked Bush Warbler,Summer,夏候鸟,"6,7,8",6,8,0.24248614785128075,8,0.15109424986091632,8,0.03516973910552816,8,temperature,0.24248614785128075,0.24248614785128075
Qilian Bluetail,Summer,夏候鸟,"6,7,8",7,8,-0.13819821555743747,8,0.1815149982650273,8,-0.2404412755628201,8,prcp,-0.2404412755628201,0.2404412755628201
Eastern Cattle-Egret,Summer,夏候鸟,"6,7,8",9,26,0.02244114551217559,26,0.21844908108200115,26,0.11297823262094235,26,humidity,0.21844908108200115,0.21844908108200115
cuckoo sp. (Cuculidae sp.),Summer,夏候鸟,"6,7,8",7,11,0.2063961249770542,11,0.10282866925230887,11,0.21614224284194633,11,prcp,0.21614224284194633,0.21614224284194633
Black-capped Kingfisher,Summer,夏候鸟,"6,7,8",9,23,0.1856941151304432,23,0.21332831145093545,23,0.2062511887355715,23,humidity,0.21332831145093545,0.21332831145093545
Cinnamon Bittern,Summer,夏候鸟,"6,7,8",9,16,-0.08266731700824882,16,-0.06518414174407912,16,-0.21035766248204724,16,prcp,-0.21035766248204724,0.21035766248204724
Koklass Pheasant,Summer,夏候鸟,"6,7,8",8,16,-0.08566939990155664,16,-0.15836292802850654,16,-0.20567458329342145,16,prcp,-0.20567458329342145,0.20567458329342145
Brown-rumped Minivet,Summer,夏候鸟,"6,7,8",5,6,-0.20458685286313674,6,0.16242428279372986,6,0.1371000203031374,6,temperature,-0.20458685286313674,0.20458685286313674
White-breasted Waterhen,Summer,夏候鸟,"6,7,8",8,17,0.08411006474837952,17,0.20033324565857763,17,0.2045653358805256,17,prcp,0.2045653358805256,0.2045653358805256
Chinese Sparrowhawk,Summer,夏候鸟,"6,7,8",9,23,0.07008827133218402,23,0.1937116146841138,23,0.0470848436307831,23,humidity,0.1937116146841138,0.1937116146841138
Chinese Bush Warbler,Summer,夏候鸟,"6,7,8",8,11,0.003969300175564006,11,-0.19249471914796396,11,-0.09664596443219618,11,humidity,-0.19249471914796396,0.19249471914796396
Amur Paradise-Flycatcher,Summer,夏候鸟,"6,7,8",9,11,0.015722937207177434,11,0.17515178950845783,11,-0.03027934975397113,11,humidity,0.17515178950845783,0.17515178950845783
Zappey's Flycatcher,Summer,夏候鸟,"6,7,8",8,10,-0.16606887151886224,10,-0.08954305637083798,10,-0.09435413778621635,10,temperature,-0.16606887151886224,0.16606887151886224
Blue Rock-Thrush,Summer,夏候鸟,"6,7,8",9,18,0.0003101947614555517,18,-0.15280806485593548,18,-0.16021306577081296,18,prcp,-0.16021306577081296,0.16021306577081296
Schrenck's Bittern,Summer,夏候鸟,"6,7,8",9,18,-0.09788197197295131,18,-0.1548552082819849,18,-0.13107100054653537,18,humidity,-0.1548552082819849,0.1548552082819849
Little Heron,Summer,夏候鸟,"6,7,8",9,27,0.15043119197332938,27,-0.15403897412453504,27,-0.0806913249759699,27,humidity,-0.15403897412453504,0.15403897412453504
Ruddy-breasted Crake,Summer,夏候鸟,"6,7,8",8,10,-0.031107288015860612,10,-0.11476617403303556,10,0.1334886471420249,10,prcp,0.1334886471420249,0.1334886471420249
Japanese Scops-Owl,Summer,夏候鸟,"6,7,8",4,4,,4,,4,,4,,,
Acrocephalus sp.,Summer,夏候鸟,"6,7,8",3,4,,4,,4,,4,,,
Asian Dowitcher,Summer,夏候鸟,"6,7,8",3,3,,3,,3,,3,,,
Ruddy Turnstone,Summer,夏候鸟,"6,7,8",3,3,,3,,3,,3,,,
Cotton Pygmy-Goose,Summer,夏候鸟,"6,7,8",2,3,,3,,3,,3,,,
Great/Medium Egret,Summer,夏候鸟,"6,7,8",2,2,,2,,2,,2,,,
Red Collared-Dove,Summer,夏候鸟,"6,7,8",2,4,,4,,4,,4,,,
Sanderling,Summer,夏候鸟,"6,7,8",2,2,,2,,2,,2,,,
Calidris sp.,Summer,夏候鸟,"6,7,8",1,1,,1,,1,,1,,,
heron sp.,Summer,夏候鸟,"6,7,8",1,2,,2,,2,,2,,,
Dusky Warbler,Autumn,秋候鸟,"9,10,11",9,23,0.9464996529711739,23,0.45557307757502685,23,0.3505182723904372,23,temperature,0.9464996529711739,0.9464996529711739
Yellow-browed Warbler,Autumn,秋候鸟,"9,10,11",9,26,0.9283082274946802,26,0.5244665688684411,26,0.461700937025362,26,temperature,0.9283082274946802,0.9283082274946802
Eastern Marsh Harrier,Autumn,秋候鸟,"9,10,11",9,24,0.9241179200836206,24,0.36998484025239914,24,0.2842075188956846,24,temperature,0.9241179200836206,0.9241179200836206
Taiga Flycatcher,Autumn,秋候鸟,"9,10,11",9,19,0.9176378567479847,19,0.48144359167971235,19,0.34436032602064187,19,temperature,0.9176378567479847,0.9176378567479847
Eurasian Hobby,Autumn,秋候鸟,"9,10,11",9,23,0.9096243407747139,23,0.4604953530545317,23,0.3928800994551568,23,temperature,0.9096243407747139,0.9096243407747139
Olive-backed Pipit,Autumn,秋候鸟,"9,10,11",9,25,0.9066949115145521,25,0.22254416626501006,25,0.08993423403547776,25,temperature,0.9066949115145521,0.9066949115145521
Amur Stonechat,Autumn,秋候鸟,"9,10,11",9,20,0.8965166195176993,20,0.41083076438674526,20,0.408605796785746,20,temperature,0.8965166195176993,0.8965166195176993
Siberian Rubythroat,Autumn,秋候鸟,"9,10,11",9,18,0.8922392802775866,18,0.48288305770464807,18,0.29644470520715044,18,temperature,0.8922392802775866,0.8922392802775866
falcon sp.,Autumn,秋候鸟,"9,10,11",4,8,0.8894156386827078,8,0.7357016246951776,8,0.30264378636642253,8,temperature,0.8894156386827078,0.8894156386827078
Richard's Pipit,Autumn,秋候鸟,"9,10,11",9,20,0.8842923492159169,20,0.03450054579332901,20,-0.03161174327221923,20,temperature,0.8842923492159169,0.8842923492159169
Common Rosefinch,Autumn,秋候鸟,"9,10,11",9,25,0.8825506859319941,25,0.3622146327147332,25,0.1777068979472642,25,temperature,0.8825506859319941,0.8825506859319941
Oriental Honey-buzzard,Autumn,秋候鸟,"9,10,11",9,17,0.8797208775422378,17,0.3504299530186212,17,0.2147313218697093,17,temperature,0.8797208775422378,0.8797208775422378
Pied Harrier,Autumn,秋候鸟,"9,10,11",9,20,0.8638947943895979,20,0.15529229267086728,20,0.29390051556372077,20,temperature,0.8638947943895979,0.8638947943895979
duck sp.,Autumn,秋候鸟,"9,10,11",6,9,-0.7250174882939745,9,-0.850659820277099,9,-0.6259294692766585,9,humidity,-0.850659820277099,0.850659820277099
Redpoll,Autumn,秋候鸟,"9,10,11",7,11,-0.845524037423072,11,-0.5986849047851959,11,-0.35354015354553486,11,temperature,-0.845524037423072,0.845524037423072
Two-barred Warbler,Autumn,秋候鸟,"9,10,11",9,14,0.8422271918296188,14,0.38814646598587926,14,0.10909849974610543,14,temperature,0.8422271918296188,0.8422271918296188
Northern Hawk-Cuckoo,Autumn,秋候鸟,"9,10,11",4,5,-0.8252137758653322,5,-0.4078483861025003,5,0.16406909047514592,5,temperature,-0.8252137758653322,0.8252137758653322
Amur Falcon,Autumn,秋候鸟,"9,10,11",9,19,0.8157148287269436,19,0.2076105645974496,19,0.1075833245582038,19,temperature,0.8157148287269436,0.8157148287269436
Japanese Sparrowhawk,Autumn,秋候鸟,"9,10,11",9,20,0.7959640745365819,20,0.4528512194304287,20,0.2812070523534875,20,temperature,0.7959640745365819,0.7959640745365819
Rufous-bellied Woodpecker,Autumn,秋候鸟,"9,10,11",9,14,0.7750312427522111,14,0.4631606484626704,14,0.11476470127198186,14,temperature,0.7750312427522111,0.7750312427522111
Manchurian Reed Warbler,Autumn,秋候鸟,"9,10,11",6,10,0.33940479268723256,10,0.49885173345072803,10,0.7716314142405785,10,prcp,0.7716314142405785,0.7716314142405785
Pallas's Sandgrouse,Autumn,秋候鸟,"9,10,11",5,5,-0.36868228061227254,5,0.19872098039500613,5,0.7674190737577576,5,prcp,0.7674190737577576,0.7674190737577576
Thick-billed Warbler,Autumn,秋候鸟,"9,10,11",9,14,0.7554754300894759,14,0.5540086220464048,14,0.4133220920437367,14,temperature,0.7554754300894759,0.7554754300894759
Baillon's Crake,Autumn,秋候鸟,"9,10,11",6,10,0.3324304736463731,10,0.5707550823402381,10,0.7491800826610955,10,prcp,0.7491800826610955,0.7491800826610955
Eyebrowed Thrush,Autumn,秋候鸟,"9,10,11",9,17,0.7486824185134007,17,0.167813961731143,17,-0.08712805822628288,17,temperature,0.7486824185134007,0.7486824185134007
crow/raven sp.,Autumn,秋候鸟,"9,10,11",3,6,-0.716190430535506,6,-0.5351524045574915,6,-0.579714027749191,6,temperature,-0.716190430535506,0.716190430535506
Black Kite,Autumn,秋候鸟,"9,10,11",9,21,0.7005178943862348,21,0.13124194248097248,21,0.14803868575926615,21,temperature,0.7005178943862348,0.7005178943862348
Black-browed Reed Warbler,Autumn,秋候鸟,"9,10,11",9,21,0.6838641180186606,21,0.6145189196482163,21,0.6953812164413001,21,prcp,0.6953812164413001,0.6953812164413001
goose sp.,Autumn,秋候鸟,"9,10,11",3,5,0.44818340747026564,5,-0.6907153647188053,5,-0.37687793503064715,5,humidity,-0.6907153647188053,0.6907153647188053
Red Crossbill,Autumn,秋候鸟,"9,10,11",6,10,-0.685974998454111,10,-0.6639535838868829,10,-0.490192771765423,10,temperature,-0.685974998454111,0.685974998454111
Long-eared Owl,Autumn,秋候鸟,"9,10,11",9,15,-0.6825008565485077,15,-0.544463972253833,15,-0.3419863142371225,15,temperature,-0.6825008565485077,0.6825008565485077
Lanceolated Warbler,Autumn,秋候鸟,"9,10,11",9,18,0.6796638101671675,18,0.5519856663570027,18,0.5551502713681559,18,temperature,0.6796638101671675,0.6796638101671675
Common Crane,Autumn,秋候鸟,"9,10,11",9,20,-0.6690496708138697,20,-0.5576721092791129,20,-0.39028315992772167,20,temperature,-0.6690496708138697,0.6690496708138697
Radde's Warbler,Autumn,秋候鸟,"9,10,11",9,18,0.6500419196641434,18,0.6118340634158342,18,0.41744308443865025,18,temperature,0.6500419196641434,0.6500419196641434
Red-throated Pipit,Autumn,秋候鸟,"9,10,11",9,19,0.635197013651573,19,0.0018529611169441314,19,-0.1788172658847928,19,temperature,0.635197013651573,0.635197013651573
Indian Peafowl,Autumn,秋候鸟,"9,10,11",4,6,-0.04131557148802715,6,0.45837530477048977,6,0.6236889603621337,6,prcp,0.6236889603621337,0.6236889603621337
Chestnut-flanked White-eye,Autumn,秋候鸟,"9,10,11",9,20,0.48248165627278,20,0.6198001525384066,20,0.3801316550237533,20,humidity,0.6198001525384066,0.6198001525384066
Black-tailed Godwit,Autumn,秋候鸟,"9,10,11",9,11,0.3438347965385144,11,-0.6046707623370607,11,-0.6146083530021265,11,prcp,-0.6146083530021265,0.6146083530021265
Turdus sp.,Autumn,秋候鸟,"9,10,11",5,10,-0.05161369019512495,10,0.1802897854280123,10,0.6099731759662079,10,prcp,0.6099731759662079,0.6099731759662079
Graylag x Swan Goose (hybrid),Autumn,秋候鸟,"9,10,11",3,9,-0.5986252627063515,9,-0.48576133626724755,9,-0.23428121922396103,9,temperature,-0.5986252627063515,0.5986252627063515
Crested Lark,Autumn,秋候鸟,"9,10,11",8,13,-0.5793584136932531,13,-0.11764347935173326,13,0.08874476029605735,13,temperature,-0.5793584136932531,0.5793584136932531
Medium Egret,Autumn,秋候鸟,"9,10,11",9,21,0.5757238160727735,21,0.35979059540579644,21,0.5305757234962137,21,temperature,0.5757238160727735,0.5757238160727735
Blyth's Pipit,Autumn,秋候鸟,"9,10,11",8,11,0.5538713917985254,11,-0.5718528252146079,11,-0.37204249491120817,11,humidity,-0.5718528252146079,0.5718528252146079
Dusky/Naumann's Thrush,Autumn,秋候鸟,"9,10,11",9,20,-0.5598940840190848,20,-0.38706158563176124,20,-0.3066467109384773,20,temperature,-0.5598940840190848,0.5598940840190848
Short-eared Owl,Autumn,秋候鸟,"9,10,11",9,18,-0.15458747354678118,18,-0.5329577134644913,18,-0.3120916379699179,18,humidity,-0.5329577134644913,0.5329577134644913
Swinhoe's White-eye,Autumn,秋候鸟,"9,10,11",9,20,0.21746611810073777,20,0.522768199347679,20,0.2530853146454236,20,humidity,0.522768199347679,0.522768199347679
Phylloscopus sp.,Autumn,秋候鸟,"9,10,11",9,19,0.5216630165676108,19,0.020676742228781894,19,0.1721320031467289,19,temperature,0.5216630165676108,0.5216630165676108
Lesser Whitethroat,Autumn,秋候鸟,"9,10,11",4,6,-0.5178907769866492,6,-0.21635950630511494,6,0.08392143177210847,6,temperature,-0.5178907769866492,0.5178907769866492
Red-necked Stint,Autumn,秋候鸟,"9,10,11",7,10,0.44907984686714897,10,-0.5094691488683429,10,-0.2064486673174608,10,humidity,-0.5094691488683429,0.5094691488683429
Dendrocopos sp.,Autumn,秋候鸟,"9,10,11",2,5,0.01758948720178775,5,-0.009063156675077337,5,-0.4858559188250147,5,prcp,-0.4858559188250147,0.4858559188250147
passerine sp.,Autumn,秋候鸟,"9,10,11",9,17,0.47962603588558356,17,0.05245472681734753,17,0.0054004304208506385,17,temperature,0.47962603588558356,0.47962603588558356
Asian Short-toed Lark,Autumn,秋候鸟,"9,10,11",9,16,0.47668714619993935,16,-0.12304723406360654,16,-0.4385832700653451,16,temperature,0.47668714619993935,0.47668714619993935
Hen Harrier,Autumn,秋候鸟,"9,10,11",9,27,-0.4727595806190243,27,-0.21135841523589555,27,-0.12676586499777334,27,temperature,-0.4727595806190243,0.4727595806190243
Black-legged Kittiwake,Autumn,秋候鸟,"9,10,11",4,6,-0.37538830004395074,6,-0.47231969351355574,6,-0.12054462073354884,6,humidity,-0.47231969351355574,0.47231969351355574
cuckoo sp. (Cuculidae sp.),Autumn,秋候鸟,"9,10,11",6,7,0.46234232993811397,7,-0.02532227764709345,7,0.31801048492022416,7,temperature,0.46234232993811397,0.46234232993811397
Rufous-tailed Robin,Autumn,秋候鸟,"9,10,11",6,10,-0.4608155327076997,10,-0.004407052632689885,10,0.0034553903197323387,10,temperature,-0.4608155327076997,0.4608155327076997
white-eye sp.,Autumn,秋候鸟,"9,10,11",7,14,0.4606741258500545,14,-0.1083618013210169,14,-0.12188457601087861,14,temperature,0.4606741258500545,0.4606741258500545
Zosterops sp.,Autumn,秋候鸟,"9,10,11",6,10,0.16696318107410757,10,0.4534778204413471,10,-0.010094930766327117,10,humidity,0.4534778204413471,0.4534778204413471
Caspian Tern,Autumn,秋候鸟,"9,10,11",9,13,0.45158046940379015,13,-0.4154590241918571,13,-0.11407699190154381,13,temperature,0.45158046940379015,0.45158046940379015
Cuculus sp.,Autumn,秋候鸟,"9,10,11",6,7,0.09082338562775677,7,-0.41720363640034586,7,-0.4357908884174889,7,prcp,-0.4357908884174889,0.4357908884174889
Northern Shrike,Autumn,秋候鸟,"9,10,11",8,12,-0.4082084529752266,12,-0.04460759158084737,12,-0.26682528400807093,12,temperature,-0.4082084529752266,0.4082084529752266
Accipitrine hawk sp. (former Accipiter sp.),Autumn,秋候鸟,"9,10,11",8,13,-0.15035969139156694,13,-0.3893706877080848,13,-0.193134567420863,13,humidity,-0.3893706877080848,0.3893706877080848
Lapland Longspur,Autumn,秋候鸟,"9,10,11",8,16,-0.38220800627970364,16,-0.30116335700732705,16,-0.30019567812072334,16,temperature,-0.38220800627970364,0.38220800627970364
snipe sp.,Autumn,秋候鸟,"9,10,11",9,19,0.37285384647523384,19,-0.05331572833159027,19,0.2938946110242893,19,temperature,0.37285384647523384,0.37285384647523384
Southern Nutcracker,Autumn,秋候鸟,"9,10,11",8,21,-0.3604084754152982,21,-0.35124245484460326,21,-0.30680561883620855,21,temperature,-0.3604084754152982,0.3604084754152982
Gray-backed Thrush,Autumn,秋候鸟,"9,10,11",7,8,0.35618609288226594,8,0.11137496733047791,8,0.32045843062110096,8,temperature,0.35618609288226594,0.35618609288226594
Dunlin,Autumn,秋候鸟,"9,10,11",8,13,0.33111948368315214,13,-0.35486905515237394,13,-0.3165025816007435,13,humidity,-0.35486905515237394,0.35486905515237394
Steppe Eagle,Autumn,秋候鸟,"9,10,11",8,13,-0.03953193404930168,13,-0.340174940781764,13,0.08161125455096731,13,humidity,-0.340174940781764,0.340174940781764
Common Greenshank,Autumn,秋候鸟,"9,10,11",9,18,0.3258580760690073,18,-0.28240772397283365,18,-0.24910303237166054,18,temperature,0.3258580760690073,0.3258580760690073
Black-faced Bunting,Autumn,秋候鸟,"9,10,11",9,27,0.3239039808548486,27,0.08544835421992901,27,-0.029903361909327165,27,temperature,0.3239039808548486,0.3239039808548486
Chestnut-eared Bunting,Autumn,秋候鸟,"9,10,11",9,19,0.281548214806158,19,-0.1716732417991674,19,-0.3233146330002573,19,prcp,-0.3233146330002573,0.3233146330002573
Daurian Jackdaw,Autumn,秋候鸟,"9,10,11",9,23,-0.32035354511921066,23,-0.13594860573154544,23,-0.03724196313586505,23,temperature,-0.32035354511921066,0.32035354511921066
European Starling,Autumn,秋候鸟,"9,10,11",8,17,-0.14196385791571545,17,-0.24934848606475843,17,-0.31725471311612935,17,prcp,-0.31725471311612935,0.31725471311612935
Eurasian Siskin,Autumn,秋候鸟,"9,10,11",9,18,-0.3158335877560778,18,-0.10048474712059456,18,-0.1314397174705315,18,temperature,-0.3158335877560778,0.3158335877560778
Horned Grebe,Autumn,秋候鸟,"9,10,11",7,11,-0.31181293536378063,11,0.14690988163872257,11,-0.1185226584249966,11,temperature,-0.31181293536378063,0.31181293536378063
Spotted Redshank,Autumn,秋候鸟,"9,10,11",9,25,0.31177965899847015,25,-0.17959086702372515,25,-0.1992501749259205,25,temperature,0.31177965899847015,0.31177965899847015
Black-bellied Plover,Autumn,秋候鸟,"9,10,11",5,7,-0.3086992105336594,7,0.14429584721630065,7,-0.022960213456982317,7,temperature,-0.3086992105336594,0.3086992105336594
small falcon sp.,Autumn,秋候鸟,"9,10,11",4,5,0.2929723545433181,5,0.11689513404376892,5,0.29578776980051674,5,prcp,0.29578776980051674,0.29578776980051674
Chinese Thrush,Autumn,秋候鸟,"9,10,11",9,20,-0.1749531004883837,20,-0.2902009150223628,20,-0.1319563676700527,20,humidity,-0.2902009150223628,0.2902009150223628
thrush sp.,Autumn,秋候鸟,"9,10,11",3,8,-0.28596787378266536,8,0.2794955587599078,8,0.23657942559722436,8,temperature,-0.28596787378266536,0.28596787378266536
Merlin,Autumn,秋候鸟,"9,10,11",9,16,0.2846033293343814,16,0.0723876069223654,16,-0.10261942048398662,16,temperature,0.2846033293343814,0.2846033293343814
Red-breasted Merganser,Autumn,秋候鸟,"9,10,11",9,14,-0.20867285532470675,14,-0.27240469486555413,14,-0.22617613777591244,14,humidity,-0.27240469486555413,0.27240469486555413
White's Thrush,Autumn,秋候鸟,"9,10,11",9,20,0.15878544574981543,20,0.12027158799694808,20,0.2653461925578378,20,prcp,0.2653461925578378,0.2653461925578378
Greater Scaup,Autumn,秋候鸟,"9,10,11",7,10,-0.13702158189068558,10,-0.03522019410876193,10,-0.2583677765569393,10,prcp,-0.2583677765569393,0.2583677765569393
Ashy Minivet,Autumn,秋候鸟,"9,10,11",9,14,0.2533303907640325,14,0.04864498472411075,14,-0.11796231197377288,14,temperature,0.2533303907640325,0.2533303907640325
Yellow-browed Bunting,Autumn,秋候鸟,"9,10,11",8,22,0.2489339583530888,22,0.17960993489273291,22,0.046409375694837905,22,temperature,0.2489339583530888,0.2489339583530888
Japanese Quail,Autumn,秋候鸟,"9,10,11",9,26,0.2427301228098427,26,-0.23269522263291098,26,-0.002229683950129745,26,temperature,0.2427301228098427,0.2427301228098427
Red-flanked/Qilian Bluetail,Autumn,秋候鸟,"9,10,11",9,26,-0.1594342293466374,26,-0.22509784943772507,26,-0.10923950345731495,26,humidity,-0.22509784943772507,0.22509784943772507
Baikal Teal,Autumn,秋候鸟,"9,10,11",9,23,-0.18867136783971653,23,-0.11418552439181262,23,-0.22380433073280095,23,prcp,-0.22380433073280095,0.22380433073280095
Bar-headed Goose,Autumn,秋候鸟,"9,10,11",7,15,-0.17943632577151133,15,0.21501964038713922,15,-0.0046556065178492536,15,humidity,0.21501964038713922,0.21501964038713922
Pallas's Leaf Warbler,Autumn,秋候鸟,"9,10,11",9,27,-0.21225151026500444,27,-0.10716663539492036,27,0.05940736633215858,27,temperature,-0.21225151026500444,0.21225151026500444
Bull-headed Shrike,Autumn,秋候鸟,"9,10,11",9,15,-0.0836095253559052,15,0.12811601834779107,15,0.18755486262727453,15,prcp,0.18755486262727453,0.18755486262727453
Eurasian Jay,Autumn,秋候鸟,"9,10,11",9,20,0.11414389700342185,20,-0.18329161977739947,20,-0.069751408484523,20,humidity,-0.18329161977739947,0.18329161977739947
Emberiza sp.,Autumn,秋候鸟,"9,10,11",9,23,0.17908137955746986,23,0.0773464578570959,23,-0.018362513645892427,23,temperature,0.17908137955746986,0.17908137955746986
Black-winged Kite,Autumn,秋候鸟,"9,10,11",8,23,0.11724358746904914,23,0.174349009176704,23,-0.04868216756610491,23,humidity,0.174349009176704,0.174349009176704
Little Bunting,Autumn,秋候鸟,"9,10,11",9,27,0.07432674875300642,27,-0.15395259623471977,27,-0.17431495171856426,27,prcp,-0.17431495171856426,0.17431495171856426
Rook,Autumn,秋候鸟,"9,10,11",9,22,-0.15368359565094317,22,-0.17007581284062986,22,-0.001693262282979648,22,humidity,-0.17007581284062986,0.17007581284062986
Long-tailed Shrike,Autumn,秋候鸟,"9,10,11",9,27,-0.09613910069893736,27,-0.02986440526207787,27,0.1664988266514923,27,prcp,0.1664988266514923,0.1664988266514923
Reed Bunting,Autumn,秋候鸟,"9,10,11",9,21,-0.1142729513435682,21,-0.02041397014483739,21,0.14946795257680964,21,prcp,0.14946795257680964,0.14946795257680964
Eurasian Goshawk,Autumn,秋候鸟,"9,10,11",9,27,0.14277566925049404,27,0.11875242832471167,27,0.08827767601482873,27,temperature,0.14277566925049404,0.14277566925049404
Pine Bunting,Autumn,秋候鸟,"9,10,11",9,18,-0.007565869068724858,18,-0.03462028762506092,18,-0.14116948864106277,18,prcp,-0.14116948864106277,0.14116948864106277
Eurasian Skylark,Autumn,秋候鸟,"9,10,11",9,27,-0.14043172259929598,27,-0.11696573731184276,27,-0.04790169086516396,27,temperature,-0.14043172259929598,0.14043172259929598
Eastern Buzzard,Autumn,秋候鸟,"9,10,11",9,26,-0.1382830048801857,26,0.009938963537423911,26,0.031945380060739555,26,temperature,-0.1382830048801857,0.1382830048801857
harrier sp.,Autumn,秋候鸟,"9,10,11",8,15,0.13712065010220592,15,0.007810630150986135,15,-0.0664891891289594,15,temperature,0.13712065010220592,0.13712065010220592
Pechora Pipit,Autumn,秋候鸟,"9,10,11",4,4,,4,,4,,4,,,
Stejneger's Scoter,Autumn,秋候鸟,"9,10,11",4,4,,4,,4,,4,,,
Arctic Loon,Autumn,秋候鸟,"9,10,11",3,4,,4,,4,,4,,,
Common Pochard x Ferruginous Duck (hybrid),Autumn,秋候鸟,"9,10,11",3,4,,4,,4,,4,,,
Japanese Leaf/Arctic/Kamchatka Leaf Warbler,Autumn,秋候鸟,"9,10,11",3,3,,3,,3,,3,,,
Mugimaki Flycatcher,Autumn,秋候鸟,"9,10,11",3,3,,3,,3,,3,,,
Red-necked Grebe,Autumn,秋候鸟,"9,10,11",3,3,,3,,3,,3,,,
Scolopacidae sp.,Autumn,秋候鸟,"9,10,11",3,4,,4,,4,,4,,,
Water/Siberian/American Pipit,Autumn,秋候鸟,"9,10,11",3,4,,4,,4,,4,,,
white egret sp.,Autumn,秋候鸟,"9,10,11",3,3,,3,,3,,3,,,
Imperial Eagle,Autumn,秋候鸟,"9,10,11",2,2,,2,,2,,2,,,
Ruddy Turnstone,Autumn,秋候鸟,"9,10,11",2,2,,2,,2,,2,,,
Sanderling,Autumn,秋候鸟,"9,10,11",2,2,,2,,2,,2,,,
dabbling duck sp.,Autumn,秋候鸟,"9,10,11",2,2,,2,,2,,2,,,
finch sp.,Autumn,秋候鸟,"9,10,11",2,2,,2,,2,,2,,,
rail/crake sp.,Autumn,秋候鸟,"9,10,11",2,2,,2,,2,,2,,,
rosefinch sp.,Autumn,秋候鸟,"9,10,11",2,2,,2,,2,,2,,,
wagtail sp.,Autumn,秋候鸟,"9,10,11",2,3,,3,,3,,3,,,
Aythya sp.,Autumn,秋候鸟,"9,10,11",1,1,,1,,1,,1,,,
Gray-headed Canary-Flycatcher,Autumn,秋候鸟,"9,10,11",1,1,,1,,1,,1,,,
Great/Medium Egret,Autumn,秋候鸟,"9,10,11",1,1,,1,,1,,1,,,
Rufous-faced Warbler,Autumn,秋候鸟,"9,10,11",1,2,,2,,2,,2,,,
myna/starling sp.,Autumn,秋候鸟,"9,10,11",1,2,,2,,2,,2,,,
Collared Crow,Winter,冬候鸟,"12,1,2",4,5,-0.6656646972489124,5,-0.8904204626543034,5,-0.7193943388324892,5,humidity,-0.8904204626543034,0.8904204626543034
Fieldfare,Winter,冬候鸟,"12,1,2",4,5,0.5533561866246615,5,0.7663007191894026,5,0.8295542778368543,5,prcp,0.8295542778368543,0.8295542778368543
Japanese Grosbeak,Winter,冬候鸟,"12,1,2",4,5,0.8111117373172989,5,0.3169442349286558,5,0.03146183505943413,5,temperature,0.8111117373172989,0.8111117373172989
Horned Lark,Winter,冬候鸟,"12,1,2",5,9,-0.5336844769801855,9,-0.7871608285261064,9,-0.4321418218281018,9,humidity,-0.7871608285261064,0.7871608285261064
Long-tailed Tit,Winter,冬候鸟,"12,1,2",5,9,-0.2265908045522516,9,0.724813669482746,9,0.6992745712054352,9,humidity,0.724813669482746,0.724813669482746
Common Goldeneye,Winter,冬候鸟,"12,1,2",9,27,0.714029155299407,27,0.26323395695275814,27,0.3079582617964237,27,temperature,0.714029155299407,0.714029155299407
Eastern Spot-billed Duck x Mallard (hybrid),Winter,冬候鸟,"12,1,2",6,11,0.026080923908243812,11,-0.7009138045740505,11,-0.5623151515639314,11,humidity,-0.7009138045740505,0.7009138045740505
Redpoll,Winter,冬候鸟,"12,1,2",7,11,-0.18298322507342565,11,0.67846979438681,11,0.28943193667439676,11,humidity,0.67846979438681,0.67846979438681
Carrion/Large-billed Crow,Winter,冬候鸟,"12,1,2",3,5,0.5730183753809678,5,-0.30767613881979566,5,-0.6555050919466445,5,prcp,-0.6555050919466445,0.6555050919466445
Buteo sp.,Winter,冬候鸟,"12,1,2",3,5,-0.6387673289182636,5,-0.5450339341396991,5,-0.5646494488431725,5,temperature,-0.6387673289182636,0.6387673289182636
Scaly-sided Merganser,Winter,冬候鸟,"12,1,2",4,6,-0.5190986409931011,6,-0.6059812247504514,6,-0.4968213704878311,6,humidity,-0.6059812247504514,0.6059812247504514
Dusky x Naumann's Thrush (hybrid),Winter,冬候鸟,"12,1,2",6,12,0.014577485606686914,12,0.4345184108606423,12,0.59324709183607,12,prcp,0.59324709183607,0.59324709183607
Gray-backed Thrush,Winter,冬候鸟,"12,1,2",7,9,-0.5890269908795318,9,-0.1427628782440347,9,-0.19949352137581716,9,temperature,-0.5890269908795318,0.5890269908795318
Goldcrest,Winter,冬候鸟,"12,1,2",9,24,0.09973506087328113,24,0.5844626484777026,24,0.35231976731114645,24,humidity,0.5844626484777026,0.5844626484777026
Eurasian Siskin,Winter,冬候鸟,"12,1,2",9,22,0.1008657439561884,22,0.5634295035714758,22,0.4127317608154048,22,humidity,0.5634295035714758,0.5634295035714758
Red-breasted Flycatcher,Winter,冬候鸟,"12,1,2",4,6,0.45453309735322556,6,0.5020654797226217,6,-0.5562760108067766,6,prcp,-0.5562760108067766,0.5562760108067766
Eurasian Treecreeper,Winter,冬候鸟,"12,1,2",5,8,-0.5232528511527091,8,0.496812696742158,8,0.5398329128735736,8,prcp,0.5398329128735736,0.5398329128735736
Solitary Snipe,Winter,冬候鸟,"12,1,2",5,9,0.4419956753252996,9,0.5319773615044409,9,0.1499734562112422,9,humidity,0.5319773615044409,0.5319773615044409
Meadow Pipit,Winter,冬候鸟,"12,1,2",7,10,-0.11657360449663268,10,-0.5230331978846372,10,-0.2721148553916611,10,humidity,-0.5230331978846372,0.5230331978846372
Smew,Winter,冬候鸟,"12,1,2",9,27,0.4845682051175194,27,0.2567437300220364,27,0.379074375518094,27,temperature,0.4845682051175194,0.4845682051175194
Baikal Teal,Winter,冬候鸟,"12,1,2",9,24,0.07674501482442861,24,-0.4825540533547309,24,-0.27337106820568124,24,humidity,-0.4825540533547309,0.4825540533547309
Eurasian Bittern,Winter,冬候鸟,"12,1,2",9,26,-0.4806862430116176,26,-0.2331767694483919,26,-0.23238754908266598,26,temperature,-0.4806862430116176,0.4806862430116176
Plumbeous Redstart,Winter,冬候鸟,"12,1,2",9,25,-0.24381245658099568,25,-0.47508123712901335,25,-0.2206632574381471,25,humidity,-0.47508123712901335,0.47508123712901335
Marsh/Willow Tit,Winter,冬候鸟,"12,1,2",3,6,0.35990318805728666,6,-0.4675905192314723,6,0.11030729091801725,6,humidity,-0.4675905192314723,0.4675905192314723
Brown Dipper,Winter,冬候鸟,"12,1,2",9,18,-0.28344808066209637,18,-0.4598361948937908,18,-0.44030759572410405,18,humidity,-0.4598361948937908,0.4598361948937908
Wallcreeper,Winter,冬候鸟,"12,1,2",9,24,-0.2636737159764936,24,-0.45675384229901106,24,-0.30851959019703695,24,humidity,-0.45675384229901106,0.45675384229901106
Rustic Bunting,Winter,冬候鸟,"12,1,2",9,25,0.3586455329014453,25,0.29515601414144754,25,0.4547180485566558,25,prcp,0.4547180485566558,0.4547180485566558
Eurasian Wren,Winter,冬候鸟,"12,1,2",9,27,-0.4491612559316878,27,-0.2920594235934908,27,-0.1782679526505942,27,temperature,-0.4491612559316878,0.4491612559316878
Red Crossbill,Winter,冬候鸟,"12,1,2",7,11,-0.44158617440257136,11,0.32098626297670735,11,0.32546946123943593,11,temperature,-0.44158617440257136,0.44158617440257136
Tufted Duck,Winter,冬候鸟,"12,1,2",9,26,-0.011509582189301638,26,-0.3580029479588604,26,-0.43298719821084725,26,prcp,-0.43298719821084725,0.43298719821084725
Turdus sp.,Winter,冬候鸟,"12,1,2",5,9,-0.42467139442902446,9,-0.27722185382895426,9,-0.4272682899807192,9,prcp,-0.4272682899807192,0.4272682899807192
Asian Rosy-Finch,Winter,冬候鸟,"12,1,2",6,8,0.3793438752251425,8,-0.13234896808240199,8,-0.3256434944594094,8,temperature,0.3793438752251425,0.3793438752251425
Eurasian Bullfinch,Winter,冬候鸟,"12,1,2",5,6,0.3465570551385105,6,-0.37340336875675834,6,-0.23549890615250305,6,humidity,-0.37340336875675834,0.37340336875675834
European Robin,Winter,冬候鸟,"12,1,2",6,7,0.3720077159694305,7,-0.2469870047342084,7,-0.37006726920874994,7,temperature,0.3720077159694305,0.3720077159694305
Common Pochard,Winter,冬候鸟,"12,1,2",9,27,-0.020007674645524234,27,-0.3558356449351012,27,-0.17898560522898727,27,humidity,-0.3558356449351012,0.3558356449351012
Hooded Crane,Winter,冬候鸟,"12,1,2",7,12,0.35561414868141933,12,0.24633425956802926,12,-0.049025127231505025,12,temperature,0.35561414868141933,0.35561414868141933
Whooper Swan,Winter,冬候鸟,"12,1,2",9,27,0.3532318489982684,27,0.12318101166444707,27,-0.04802045036134434,27,temperature,0.3532318489982684,0.3532318489982684
Dusky/Naumann's Thrush,Winter,冬候鸟,"12,1,2",9,26,0.058262415845370376,26,0.34139192095247994,26,0.2563838041862183,26,humidity,0.34139192095247994,0.34139192095247994
Falcated Duck,Winter,冬候鸟,"12,1,2",9,27,0.3038367308779277,27,0.01626715230118803,27,0.33353802727964227,27,prcp,0.33353802727964227,0.33353802727964227
Water Pipit,Winter,冬候鸟,"12,1,2",9,27,-0.3285981247203731,27,-0.3224751485101688,27,-0.039553372433436436,27,temperature,-0.3285981247203731,0.3285981247203731
Mute Swan,Winter,冬候鸟,"12,1,2",8,12,-0.32400596818946137,12,-0.1883348538272737,12,0.25738156151810887,12,temperature,-0.32400596818946137,0.32400596818946137
Chukar,Winter,冬候鸟,"12,1,2",8,16,0.05145728642070772,16,0.1712285928841892,16,-0.32308673751769246,16,prcp,-0.32308673751769246,0.32308673751769246
Brown-eared Bulbul,Winter,冬候鸟,"12,1,2",7,9,0.009959070692912254,9,0.1364818025571159,9,-0.32137705980855386,9,prcp,-0.32137705980855386,0.32137705980855386
Common Merganser,Winter,冬候鸟,"12,1,2",9,27,0.30651077578079705,27,0.10644903065534325,27,0.3170447826962906,27,prcp,0.3170447826962906,0.3170447826962906
Lapland Longspur,Winter,冬候鸟,"12,1,2",7,17,-0.00770265116979624,17,0.2969651434114106,17,0.31635613170175736,17,prcp,0.31635613170175736,0.31635613170175736
Little Owl,Winter,冬候鸟,"12,1,2",9,20,-0.195427114248179,20,-0.31574942226368846,20,-0.20727978491529664,20,humidity,-0.31574942226368846,0.31574942226368846
crow sp.,Winter,冬候鸟,"12,1,2",9,19,-0.07528899185098653,19,-0.31176679270124286,19,-0.1746603416775162,19,humidity,-0.31176679270124286,0.31176679270124286
Long-tailed Shrike,Winter,冬候鸟,"12,1,2",9,25,-0.12320294667175204,25,0.23373658749548112,25,0.30925896762357064,25,prcp,0.30925896762357064,0.30925896762357064
Domestic goose sp. (Domestic type),Winter,冬候鸟,"12,1,2",4,7,-0.30357107048465487,7,-0.09603565963720045,7,-0.042505233383269496,7,temperature,-0.30357107048465487,0.30357107048465487
Long-tailed Duck,Winter,冬候鸟,"12,1,2",5,7,-0.021718870674405772,7,0.3024747422726612,7,-0.18674219965366845,7,humidity,0.3024747422726612,0.3024747422726612
Golden Eagle,Winter,冬候鸟,"12,1,2",9,20,-0.15722004798973313,20,0.09104005610389547,20,-0.2918707215777356,20,prcp,-0.2918707215777356,0.2918707215777356
Redwing,Winter,冬候鸟,"12,1,2",7,9,-0.10436881378453203,9,-0.18333260628677428,9,0.2858227290858259,9,prcp,0.2858227290858259,0.2858227290858259
Pale Thrush,Winter,冬候鸟,"12,1,2",6,13,-0.058718623735874304,13,-0.2782906163617229,13,0.0017359435497796346,13,humidity,-0.2782906163617229,0.2782906163617229
White-capped Redstart,Winter,冬候鸟,"12,1,2",9,19,-0.22642427410558086,19,-0.13833099970724524,19,-0.2763176051074344,19,prcp,-0.2763176051074344,0.2763176051074344
White-tailed Eagle,Winter,冬候鸟,"12,1,2",9,26,0.04284317063452729,26,0.2740259117806551,26,0.015124479414783535,26,humidity,0.2740259117806551,0.2740259117806551
Red-billed Leiothrix,Winter,冬候鸟,"12,1,2",4,6,-0.19258819830095344,6,-0.27066987685455823,6,-0.06557273474435069,6,humidity,-0.27066987685455823,0.27066987685455823
Short-eared Owl,Winter,冬候鸟,"12,1,2",8,14,-0.2699956938981373,14,0.08162038833097011,14,-0.17815583081570158,14,temperature,-0.2699956938981373,0.2699956938981373
Naumann's Thrush,Winter,冬候鸟,"12,1,2",9,27,-0.0546624449563375,27,0.2649900560296367,27,0.003749029499782809,27,humidity,0.2649900560296367,0.2649900560296367
Dusky Thrush,Winter,冬候鸟,"12,1,2",9,27,-0.022908362433697278,27,-0.13863067383388908,27,-0.2646309639639395,27,prcp,-0.2646309639639395,0.2646309639639395
Hawfinch,Winter,冬候鸟,"12,1,2",9,27,-0.10889436887699878,27,0.26343025646824536,27,0.23441900970297175,27,humidity,0.26343025646824536,0.26343025646824536
Pine Bunting,Winter,冬候鸟,"12,1,2",9,27,-0.01489381639349911,27,0.2629477667735444,27,0.14946649461838132,27,humidity,0.2629477667735444,0.2629477667735444
Water Rail,Winter,冬候鸟,"12,1,2",6,15,-0.2133943906372847,15,-0.25391869144661805,15,-0.03264338980786091,15,humidity,-0.25391869144661805,0.25391869144661805
Coal Tit,Winter,冬候鸟,"12,1,2",9,22,0.19418291699095044,22,0.24879254901845424,22,0.22964824164521808,22,humidity,0.24879254901845424,0.24879254901845424
Crested Kingfisher,Winter,冬候鸟,"12,1,2",9,26,-0.14197728890402067,26,-0.24532818428166228,26,-0.06755563190862682,26,humidity,-0.24532818428166228,0.24532818428166228
Black-throated x Red-throated Thrush (hybrid),Winter,冬候鸟,"12,1,2",6,12,-0.1372107273778033,12,-0.040319896005450516,12,0.23650006908682983,12,prcp,0.23650006908682983,0.23650006908682983
Common Chaffinch,Winter,冬候鸟,"12,1,2",9,24,-0.23601873649437102,24,0.1325714275489509,24,-0.017235021165824895,24,temperature,-0.23601873649437102,0.23601873649437102
Collared Finchbill,Winter,冬候鸟,"12,1,2",7,14,-0.1835845764965642,14,-0.23255919334346456,14,-0.020517141548653337,14,humidity,-0.23255919334346456,0.23255919334346456
Eurasian Eagle-Owl,Winter,冬候鸟,"12,1,2",9,17,0.21087246615172783,17,0.22148764741079235,17,0.14014038300617607,17,humidity,0.22148764741079235,0.22148764741079235
Great Bustard,Winter,冬候鸟,"12,1,2",7,12,-0.06054189171516949,12,0.09509115807297575,12,0.21554129905129055,12,prcp,0.21554129905129055,0.21554129905129055
Siberian Accentor,Winter,冬候鸟,"12,1,2",9,27,-0.2056673926782021,27,0.16352256736320667,27,0.012334571227657812,27,temperature,-0.2056673926782021,0.2056673926782021
Japanese Waxwing,Winter,冬候鸟,"12,1,2",9,25,-0.20008012022986815,25,-0.1222840159148155,25,-0.2043896887647526,25,prcp,-0.2043896887647526,0.2043896887647526
Red-throated Thrush,Winter,冬候鸟,"12,1,2",9,27,-0.19470469420451658,27,0.045447542189705425,27,-0.17697568730129373,27,temperature,-0.19470469420451658,0.19470469420451658
Red-flanked Bluetail,Winter,冬候鸟,"12,1,2",8,18,0.10690505868820119,18,-0.17224936097217733,18,-0.19282032620972356,18,prcp,-0.19282032620972356,0.19282032620972356
Bohemian Waxwing,Winter,冬候鸟,"12,1,2",9,24,0.07870335891706905,24,0.19012932696973275,24,0.110739120781057,24,humidity,0.19012932696973275,0.19012932696973275
Pallas's Rosefinch,Winter,冬候鸟,"12,1,2",9,25,-0.17266277914821843,25,0.08422157111687882,25,-0.07215438993236423,25,temperature,-0.17266277914821843,0.17266277914821843
Long-tailed Rosefinch,Winter,冬候鸟,"12,1,2",9,25,-0.17056013277571236,25,0.10076961908361545,25,-0.09262502079357957,25,temperature,-0.17056013277571236,0.17056013277571236
Brambling,Winter,冬候鸟,"12,1,2",9,27,0.16198981089804873,27,0.09191064435382686,27,-0.10632822442547654,27,temperature,0.16198981089804873,0.16198981089804873
Rough-legged Hawk,Winter,冬候鸟,"12,1,2",9,14,0.011095046183330525,14,-0.002987998329122157,14,-0.16122396438487885,14,prcp,-0.16122396438487885,0.16122396438487885
Red-billed Chough,Winter,冬候鸟,"12,1,2",9,24,-0.07652207652048121,24,-0.1274584030963068,24,-0.15313433117187372,24,prcp,-0.15313433117187372,0.15313433117187372
Common Crane,Winter,冬候鸟,"12,1,2",9,26,0.03595796413779112,26,0.08270428639711196,26,-0.1517083899628834,26,prcp,-0.1517083899628834,0.1517083899628834
Black-throated Thrush,Winter,冬候鸟,"12,1,2",9,26,0.02728730418301724,26,0.07766359932899677,26,0.14763710683486936,26,prcp,0.14763710683486936,0.14763710683486936
Upland Buzzard,Winter,冬候鸟,"12,1,2",9,24,-0.03897072869597328,24,0.141756652401714,24,-0.004326381059118697,24,humidity,0.141756652401714,0.141756652401714
Cinereous Vulture,Winter,冬候鸟,"12,1,2",9,26,-0.03689967098762889,26,0.010895255211041871,26,-0.12685977747153523,26,prcp,-0.12685977747153523,0.12685977747153523
Alpine Accentor,Winter,冬候鸟,"12,1,2",9,24,0.11312781901412243,24,-0.00257897446239337,24,-0.007778511074515657,24,temperature,0.11312781901412243,0.11312781901412243
Chinese Beautiful Rosefinch,Winter,冬候鸟,"12,1,2",9,25,0.10554286105691377,25,0.0413978863877069,25,-0.0605529400481931,25,temperature,0.10554286105691377,0.10554286105691377
Black Swan,Winter,冬候鸟,"12,1,2",8,22,0.04083892112262209,22,0.03581522606243692,22,-0.09935248560428833,22,prcp,-0.09935248560428833,0.09935248560428833
White-winged Redstart,Winter,冬候鸟,"12,1,2",9,22,0.08798106431279065,22,-0.03998492116510436,22,0.005584602340075635,22,temperature,0.08798106431279065,0.08798106431279065
Brown-cheeked Rail,Winter,冬候鸟,"12,1,2",7,18,-0.056811062477107925,18,-0.003164568239481721,18,-0.008284515687102008,18,temperature,-0.056811062477107925,0.056811062477107925
Yellowhammer,Winter,冬候鸟,"12,1,2",4,4,,4,,4,,4,,,
Bohemian/Japanese Waxwing,Winter,冬候鸟,"12,1,2",3,4,,4,,4,,4,,,
Common Chiffchaff,Winter,冬候鸟,"12,1,2",3,4,,4,,4,,4,,,
Masked Laughingthrush,Winter,冬候鸟,"12,1,2",3,4,,4,,4,,4,,,
Pied Kingfisher,Winter,冬候鸟,"12,1,2",3,4,,4,,4,,4,,,
Rufous-backed Bunting,Winter,冬候鸟,"12,1,2",3,4,,4,,4,,4,,,
rosefinch sp.,Winter,冬候鸟,"12,1,2",3,4,,4,,4,,4,,,
Bearded Vulture,Winter,冬候鸟,"12,1,2",2,3,,3,,3,,3,,,
Black-throated/Red-throated Thrush,Winter,冬候鸟,"12,1,2",2,3,,3,,3,,3,,,
Japanese Thrush,Winter,冬候鸟,"12,1,2",2,3,,3,,3,,3,,,
Muscovy Duck,Winter,冬候鸟,"12,1,2",2,3,,3,,3,,3,,,
White-crowned Penduline-Tit,Winter,冬候鸟,"12,1,2",2,4,,4,,4,,4,,,
Dalmatian Pelican,Winter,冬候鸟,"12,1,2",1,1,,1,,1,,1,,,
Ferruginous Duck/Baer's Pochard,Winter,冬候鸟,"12,1,2",1,1,,1,,1,,1,,,
Ibisbill,Winter,冬候鸟,"12,1,2",1,1,,1,,1,,1,,,
shrike sp.,Winter,冬候鸟,"12,1,2",1,1,,1,,1,,1,,,
