common_name,record_years,record_year_months,first_year,last_year,total_species_records,average_species_proportion,minimum_species_proportion,maximum_species_proportion
Brambling,12,105,2015,2026,11031,0.013829885216045891,6.89893066574681e-05,0.033950617283950615
Barn Swallow,12,104,2015,2026,10555,0.015813106429370834,0.0001244090569793481,0.04245283018867924
Little Bunting,12,109,2015,2026,7249,0.007742963514594372,8.700191404210893e-05,0.01954022988505747
Naumann's Thrush,12,91,2015,2026,7069,0.011552167837346382,0.00010583130489998942,0.035493827160493825
Pallas's Leaf Warbler,12,113,2015,2026,6899,0.0071838815743084615,6.89893066574681e-05,0.027297193387158785
Yellow-browed Warbler,12,90,2015,2026,6232,0.008201142254411698,7.196315486470927e-05,0.029067572668931674
Common Merganser,12,97,2015,2026,5734,0.00847460431826383,3.267546725918181e-05,0.026305900037579856
Common Swift,12,70,2015,2026,5093,0.01062758838029348,8.066793046424393e-05,0.037037037037037035
Water Pipit,12,90,2015,2026,4764,0.0077854595670629545,7.641754546843955e-05,0.018193424832428983
Eastern Red-rumped Swallow,12,84,2015,2026,4536,0.00932034913386386,9.450902561194594e-05,0.027586206896551724
Eastern Buzzard,12,101,2015,2026,4517,0.005844534235721896,0.00011364927832708262,0.017270429654591406
Hawfinch,12,76,2015,2026,4100,0.00489738393419665,0.00012858428700012858,0.024475524475524476
Dusky Warbler,12,72,2015,2026,4029,0.005736897124981429,9.305788200260562e-05,0.017749721500185667
Oriental Reed Warbler,12,69,2015,2026,3961,0.010105870407245832,5.305321237200913e-05,0.02877697841726619
Olive-backed Pipit,12,95,2015,2026,3831,0.004450599684343916,7.100759781296599e-05,0.01826809015421115
Chinese Pond-Heron,12,97,2015,2026,3581,0.0069101941415611835,4.033396523212197e-05,0.02675343456254519
Swan Goose,12,109,2015,2026,3478,0.0030206804476373412,0.0001863238308179616,0.013148872665671761
Falcated Duck,12,97,2015,2026,3407,0.0041271305142602166,0.0001268874508311128,0.015151515151515152
Smew,12,79,2015,2026,3280,0.005681404580779032,8.700191404210893e-05,0.016535137166478767
Eurasian Wren,12,103,2015,2026,3182,0.005225219862770799,4.5355587808418e-05,0.023255813953488372
Black Drongo,12,58,2015,2026,3160,0.009652836780494809,4.7384382107657316e-05,0.022035676810073453
Black-headed Gull,12,110,2015,2026,3037,0.0044936176584745415,8.140670791273201e-05,0.02003338898163606
Amur Falcon,12,79,2015,2026,2997,0.00543367406572157,0.00033858134416793635,0.01669449081803005
Common Goldeneye,12,81,2015,2026,2995,0.0054792736598851385,0.0003634161114476075,0.01972386587771203
Red-throated Thrush,12,88,2015,2026,2961,0.004925513445679433,4.199386889514131e-05,0.020249221183800622
Common Cuckoo,12,56,2015,2026,2955,0.009942735708037376,4.070335395636601e-05,0.03597122302158273
Black-winged Stilt,12,74,2015,2026,2787,0.004795004054591901,8.124796880077999e-05,0.015512074739996475
Common Pochard,12,99,2015,2026,2647,0.0028236184366805675,3.267546725918181e-05,0.012180857500100836
Black-faced Bunting,12,109,2015,2026,2624,0.00281823516940427,6.89893066574681e-05,0.009523809523809525
Daurian Jackdaw,12,96,2015,2026,2613,0.0038196594190970413,6.89893066574681e-05,0.01839080459770115
Siberian Accentor,12,84,2015,2026,2606,0.0057863721997158,7.426661715558857e-05,0.023399014778325122
Eurasian Hobby,12,79,2015,2026,2457,0.004481755487099288,4.410143329658214e-05,0.015532286212914486
Dusky Thrush,12,89,2015,2026,2298,0.004522710333287696,7.641754546843955e-05,0.018159806295399514
Eurasian Skylark,12,102,2015,2026,2262,0.0035989513432420138,8.140670791273201e-05,0.014130434782608696
Hen Harrier,12,110,2015,2026,2231,0.0031700827321662632,8.700191404210893e-05,0.023715415019762844
Eastern Marsh Harrier,12,84,2015,2026,2157,0.0032730166057655637,8.700191404210893e-05,0.018363939899833055
Long-tailed Shrike,12,108,2015,2026,2018,0.002720506963796481,8.609556607834697e-05,0.007608695652173913
Little Ringed Plover,12,81,2015,2026,2009,0.003072364403319137,6.932889628397117e-05,0.013925612550678654
Tufted Duck,12,81,2015,2026,2006,0.002590483423729704,7.426661715558857e-05,0.007865123220263785
Mongolian Gull,12,94,2015,2026,1971,0.0022578334993568075,9.0711175616836e-05,0.011161307467446186
Common Tern,12,62,2015,2026,1904,0.0037526480580915423,0.00011936022917164001,0.010092222028884636
Eastern Yellow Wagtail,12,57,2015,2026,1889,0.004051026414601064,6.89893066574681e-05,0.013268345518548606
Black Kite,12,75,2015,2026,1809,0.0026586390698330946,4.652894100130281e-05,0.009688839202534005
Common Snipe,12,99,2015,2026,1804,0.0024946160694328005,8.140670791273201e-05,0.010416666666666666
Ferruginous Duck,12,110,2015,2026,1799,0.0020943697941476535,5.9680114585820004e-05,0.012259194395796848
Northern Pintail,12,85,2015,2026,1730,0.0024257661635802407,8.700191404210893e-05,0.011083743842364532
Red-flanked/Qilian Bluetail,12,93,2015,2026,1717,0.0034817513862229832,4.410143329658214e-05,0.017167381974248927
Eurasian Spoonbill,12,81,2015,2026,1706,0.002128813288743789,7.100759781296599e-05,0.007026044821320412
Red-crested Pochard,12,99,2015,2026,1608,0.0015894324084967763,0.0001268874508311128,0.007275047862156988
Siberian Pipit,12,82,2015,2026,1567,0.002287410192447949,6.436248954109545e-05,0.011805213969503197
Graylag Goose,12,86,2015,2026,1564,0.0016367910129619044,4.5355587808418e-05,0.008066793046424395
Tundra Swan,12,62,2015,2026,1522,0.0025079310048918757,3.267546725918181e-05,0.00984148751663776
Eurasian Goshawk,12,89,2015,2026,1514,0.0018760926889292875,3.267546725918181e-05,0.009885204081632654
Black Swan,12,94,2015,2026,1512,0.0013732221004626249,8.464533604198409e-05,0.004210880916287687
Northern Shoveler,12,72,2015,2026,1472,0.0020759541657862503,6.436248954109545e-05,0.009727626459143969
Eurasian Wigeon,12,82,2015,2026,1471,0.0019967546072055383,5.9680114585820004e-05,0.006018657839301836
Radde's Warbler,12,49,2015,2026,1460,0.0029971226675055487,0.00010485477613505295,0.008333333333333333
Two-barred Warbler,12,53,2015,2026,1419,0.0030631065954859183,4.070335395636601e-05,0.01642710472279261
Northern Lapwing,12,87,2015,2026,1413,0.0024990898246751263,6.333924499619965e-05,0.013618677042801557
Oriental Honey-buzzard,12,48,2015,2026,1411,0.003012220327161534,8.700191404210893e-05,0.009248773121932804
Whooper Swan,12,89,2015,2026,1393,0.0024396742480958756,5.291565244999471e-05,0.01600985221674877
Chinese Penduline-Tit,12,113,2015,2026,1368,0.0017778260685517048,7.426661715558857e-05,0.006896551724137931
Upland Buzzard,12,74,2015,2026,1313,0.003388319392105937,5.9680114585820004e-05,0.02766798418972332
Eurasian Bittern,12,112,2015,2026,1306,0.001860451560110702,0.00011862396204033214,0.011494252873563218
Arctic Warbler,12,49,2015,2026,1282,0.003093063353574906,5.305321237200913e-05,0.009198423127463863
Vega/Mongolian Gull,12,88,2015,2026,1271,0.0020383625524526576,9.249838127832763e-05,0.009019165727170236
Osprey,12,63,2015,2026,1269,0.0020483100686603016,6.333924499619965e-05,0.010047593865679535
Rustic Bunting,12,67,2015,2026,1259,0.0021061404148174138,0.00012211006186909801,0.004720957679986511
Baikal Teal,12,78,2015,2026,1251,0.0020727492191505597,6.949753283758427e-05,0.014778325123152709
Crested Kingfisher,12,114,2015,2026,1242,0.001941041249868135,6.535093451836362e-05,0.009966777408637873
Goldcrest,12,71,2015,2026,1239,0.0027082979965916904,3.267546725918181e-05,0.010858100142706458
Japanese Waxwing,12,71,2015,2026,1237,0.002897889483493419,5.305321237200913e-05,0.015151515151515152
Richard's Pipit,12,67,2015,2026,1237,0.0028463501918495593,6.333924499619965e-05,0.010806782187441773
Common Sandpiper,12,92,2015,2026,1221,0.002164130940360308,4.531242919932937e-05,0.01642710472279261
Claudia's Leaf Warbler,12,63,2015,2026,1219,0.003195912673535987,4.531242919932937e-05,0.0191309100847226
Purple Heron,12,77,2015,2026,1218,0.0024852000698119703,4.033396523212197e-05,0.011372867587327376
Garganey,12,53,2015,2026,1172,0.0024545927781723293,5.305321237200913e-05,0.01335559265442404
Coal Tit,12,100,2015,2026,1162,0.001516521648256057,4.5355587808418e-05,0.006872852233676976
Siberian Blue Robin,12,48,2015,2026,1150,0.002909492595091427,4.070335395636601e-05,0.008388256440982624
Chinese Beautiful Rosefinch,12,107,2015,2026,1133,0.0021771963520668845,7.426661715558857e-05,0.010309278350515464
Japanese Sparrowhawk,12,60,2015,2026,1115,0.0019456433427456146,6.89893066574681e-05,0.007030414183096439
Gray-faced Buzzard,12,61,2015,2026,1103,0.0017766274855760605,0.00013287270794578793,0.005861282969716704
Bohemian Waxwing,12,64,2015,2026,1093,0.002722180717428034,4.5355587808418e-05,0.015151515151515152
Tundra Bean-Goose,12,78,2015,2026,1093,0.001990694722883091,0.00010583130489998942,0.01600985221674877
Common Rosefinch,12,81,2015,2026,1087,0.0017124335116925574,4.643387815750371e-05,0.00660626651566629
Eurasian Nuthatch,12,110,2015,2026,1076,0.0015196627547938853,4.7384382107657316e-05,0.007775377969762419
Rook,12,83,2015,2026,1061,0.0014192208629586686,4.199386889514131e-05,0.005836575875486381
Siberian Rubythroat,12,43,2015,2026,1026,0.0027501376594221004,7.284382284382284e-05,0.00928332714444857
Plumbeous Redstart,12,96,2015,2026,1006,0.0018470349926370873,4.5355587808418e-05,0.012106537530266344
Russet Sparrow,12,71,2015,2026,937,0.0020333779705623578,4.410143329658214e-05,0.009389671361502348
Gray-headed Lapwing,12,58,2015,2026,898,0.001741026460060066,5.9680114585820004e-05,0.008101851851851851
Common Crane,12,86,2015,2026,871,0.0028580415405435513,3.267546725918181e-05,0.022167487684729065
Pied Harrier,12,54,2015,2026,870,0.0020541945818853564,6.220452848967405e-05,0.0072666294019005035
Brown-cheeked Rail,12,92,2015,2026,863,0.001624204895729884,4.643387815750371e-05,0.030303030303030304
Citrine Wagtail,12,41,2015,2026,862,0.0022964770469870856,5.305321237200913e-05,0.008108584523179975
Eastern Crowned Warbler,12,52,2015,2026,840,0.002373723056867082,0.0001528350909368791,0.011751844766329598
Pine Bunting,12,63,2015,2026,825,0.002433904294557833,5.445733267984534e-05,0.01309328968903437
Japanese Quail,12,107,2015,2026,791,0.0019903623216887133,7.681081496274676e-05,0.015810276679841896
Large Hawk-Cuckoo,12,46,2015,2026,769,0.0027327061595279058,5.445733267984534e-05,0.012298442197321673
Taiga Bean-Goose,12,74,2015,2026,767,0.0012831554498077152,6.436248954109545e-05,0.009819967266775777
Chinese Leaf Warbler,12,60,2015,2026,753,0.0023108298612408607,0.00010485477613505295,0.015851325498770157
Tristram's Bunting,12,75,2015,2026,738,0.0011179770237252451,4.033396523212197e-05,0.005991611743559017
Red-throated Pipit,12,52,2015,2026,725,0.0017726895535307642,6.220452848967405e-05,0.007722007722007722
White-tailed Eagle,12,62,2015,2026,702,0.0027865582346218182,5.305321237200913e-05,0.022727272727272728
Common Greenshank,12,62,2015,2026,696,0.0016992013826567845,4.531242919932937e-05,0.01001669449081803
Cinereous Vulture,12,64,2015,2026,689,0.002332307639782152,8.066793046424393e-05,0.017133956386292833
Pallas's Rosefinch,12,52,2015,2026,688,0.002104149069978421,4.410143329658214e-05,0.006644518272425249
Oriental Scops-Owl,12,56,2015,2026,686,0.001624784918850446,7.641754546843955e-05,0.0046875
Kentish Plover,12,54,2015,2026,685,0.0019749854846044137,3.267546725918181e-05,0.007782101167315175
Chestnut-flanked White-eye,12,50,2015,2026,674,0.0013870725449120227,4.7384382107657316e-05,0.007872261418492389
Black-throated Thrush,12,65,2015,2026,667,0.0018016976585482846,8.140670791273201e-05,0.018691588785046728
Little Owl,12,85,2015,2026,655,0.001339799796124199,4.5355587808418e-05,0.015151515151515152
Green-backed Flycatcher,12,53,2015,2026,654,0.0016570679299665397,4.531242919932937e-05,0.006832467887400929
Dusky/Naumann's Thrush,12,82,2015,2026,633,0.0014265369811835543,3.267546725918181e-05,0.005995203836930456
Baer's Pochard,12,78,2015,2026,600,0.0012134485729014997,6.20462865297512e-05,0.008756567425569177
Ochre-rumped Bunting,12,75,2015,2026,583,0.0017739878011820912,3.267546725918181e-05,0.015151515151515152
Bluethroat,12,44,2015,2026,567,0.001631335015053105,4.410143329658214e-05,0.008333333333333333
Yellow-browed Bunting,12,68,2015,2026,565,0.0007885925046571048,7.284382284382284e-05,0.0033858134416793633
Long-tailed Rosefinch,12,68,2015,2026,558,0.001516641859558712,4.033396523212197e-05,0.018691588785046728
Spotted Redshank,12,58,2015,2026,558,0.001294592560742276,5.445733267984534e-05,0.008347245409015025
Manchurian Bush Warbler,12,57,2015,2026,556,0.002412827725854193,6.932889628397117e-05,0.022727272727272728
Chinese Thrush,12,67,2015,2026,551,0.0013233485178401826,4.070335395636601e-05,0.007925662749385078
Asian Stubtail,12,42,2015,2026,546,0.0020873086430869985,4.070335395636601e-05,0.010112052473353375
Red-billed Chough,12,99,2015,2026,544,0.0014608840728348026,4.531242919932937e-05,0.010309278350515464
Eastern Cattle-Egret,12,67,2015,2026,540,0.0015570975188469456,6.20462865297512e-05,0.006507592190889371
Greater Spotted Eagle,12,41,2015,2026,537,0.0012605893360195068,9.450902561194594e-05,0.006896551724137931
Bar-headed Goose,12,64,2015,2026,534,0.0007262816980566456,4.652894100130281e-05,0.0029958058717795086
Long-tailed Minivet,12,57,2015,2026,517,0.0012896304243971602,6.333924499619965e-05,0.006872852233676976
Rufous-bellied Woodpecker,12,39,2015,2026,466,0.0015239189045251698,7.100759781296599e-05,0.0056939501779359435
Daurian Starling,12,40,2015,2026,451,0.0012493362015635978,7.641754546843955e-05,0.004629629629629629
Hume's Warbler,12,46,2015,2026,439,0.001184195134570969,5.305321237200913e-05,0.0034557235421166306
Gull-billed Tern,12,43,2015,2026,432,0.0012318915644423227,6.89893066574681e-05,0.003436426116838488
Long-eared Owl,12,54,2015,2026,430,0.0010371841121980683,4.070335395636601e-05,0.0043782837127845885
Chestnut-eared Bunting,12,48,2015,2026,428,0.001377894365361475,8.406186953597848e-05,0.009259259259259259
Eurasian Jay,12,79,2015,2026,414,0.0009992186401102574,4.070335395636601e-05,0.004909983633387889
Eurasian Eagle-Owl,12,64,2015,2026,398,0.0009999538903229465,4.070335395636601e-05,0.006839945280437756
Pacific Swift,12,48,2015,2026,393,0.0012037191397720178,4.7384382107657316e-05,0.005008347245409015
Short-eared Owl,12,63,2015,2026,390,0.0015002597944897983,3.267546725918181e-05,0.011857707509881422
Golden Eagle,12,81,2015,2026,381,0.001228141821227167,4.033396523212197e-05,0.007575757575757576
Reed Bunting,12,68,2015,2026,375,0.000675504751140533,4.199386889514131e-05,0.003443187407771766
Pacific Golden-Plover,12,37,2015,2026,368,0.0012483503386860586,4.070335395636601e-05,0.005392450569203115
White's Thrush,12,45,2015,2026,347,0.0010683646640544185,6.220452848967405e-05,0.0071653768988248785
European Starling,12,44,2015,2026,331,0.0011504649987497935,4.199386889514131e-05,0.005747126436781609
Bank Swallow,12,48,2015,2026,327,0.001180440139373184,4.643387815750371e-05,0.01001669449081803
Asian Short-toed Lark,12,61,2015,2026,323,0.0009829941012294413,6.220452848967405e-05,0.007575757575757576
Eared Grebe,12,40,2015,2026,323,0.001054847117709997,4.5355587808418e-05,0.00788091068301226
Common Redshank,12,40,2015,2026,321,0.0009810299052078028,6.20462865297512e-05,0.005993301604089547
Short-toed Snake-Eagle,12,55,2015,2026,319,0.0008863230412139167,4.033396523212197e-05,0.004103967168262654
Oriental Pratincole,12,39,2015,2026,311,0.0012082118610670474,7.641754546843955e-05,0.005392450569203115
Brown Dipper,12,46,2015,2026,301,0.0013680095980853316,8.140670791273201e-05,0.009868421052631578
Eurasian Wryneck,12,40,2015,2026,301,0.001389519842856468,8.464533604198409e-05,0.008182748039549948
Common Gull,12,54,2015,2026,298,0.0008581176357797509,3.267546725918181e-05,0.007232084155161078
Taiga/Tundra Bean-Goose,12,60,2015,2026,298,0.0009905568413029948,4.5355587808418e-05,0.013793103448275862
Wallcreeper,12,36,2015,2026,274,0.00191104325842487,8.140670791273201e-05,0.010903426791277258
Merlin,12,58,2015,2026,270,0.001355670436799143,4.410143329658214e-05,0.008183306055646482
Eurasian Crag-Martin,12,67,2015,2026,264,0.0009064734656675598,4.199386889514131e-05,0.005722460658082976
Southern Nutcracker,12,70,2015,2026,263,0.0009047645639787411,4.033396523212197e-05,0.010309278350515464
Red-breasted Merganser,12,38,2015,2026,251,0.0009082747917148642,4.531242919932937e-05,0.005259697567389875
Marsh Sandpiper,12,39,2015,2026,248,0.001129148163104363,4.070335395636601e-05,0.005471956224350205
Greater Sand-Plover,12,29,2015,2026,243,0.0011148916719909948,3.267546725918181e-05,0.004793289394847214
Baillon's Crake,12,32,2015,2026,240,0.0008778798541996614,4.7384382107657316e-05,0.008551483420593368
Eurasian Woodcock,12,37,2015,2026,217,0.0005697565645395292,3.267546725918181e-05,0.0017652992602555481
Common Chaffinch,12,46,2015,2026,215,0.000822107235691004,4.7384382107657316e-05,0.004909983633387889
Rough-legged Hawk,12,26,2015,2026,214,0.004272644531287921,4.652894100130281e-05,0.024630541871921183
Gray Nightjar,12,37,2015,2026,175,0.0008243327880236153,4.070335395636601e-05,0.003048780487804878
White-naped Crane,12,28,2015,2026,172,0.0012855353610973206,5.445733267984534e-05,0.009950248756218905
passerine sp.,12,65,2015,2026,147,0.0005858077201325085,3.267546725918181e-05,0.0031446540880503146
Curlew Sandpiper,12,29,2015,2026,131,0.0007208534319224981,4.5355587808418e-05,0.0028938906752411574
Rufous-tailed Robin,12,21,2015,2026,123,0.001012822162793561,4.7384382107657316e-05,0.004106776180698152
Accipitrine hawk sp. (former Accipiter sp.),12,31,2015,2026,101,0.0004745923166051594,6.535093451836362e-05,0.0023584905660377358
Taiga Flycatcher,11,60,2015,2025,4638,0.009230157461129465,4.643387815750371e-05,0.027225130890052355
Indian Cuckoo,11,54,2015,2025,3535,0.009582356174439548,5.445733267984534e-05,0.025482832618025753
Amur Stonechat,11,63,2015,2025,2806,0.005416678823603804,0.0001426533523537803,0.019022687609075044
Brown Shrike,11,64,2015,2025,2662,0.006610767929021646,4.7384382107657316e-05,0.020684168655529037
Black-browed Reed Warbler,11,64,2015,2025,2598,0.005436163945969764,5.445733267984534e-05,0.016753926701570682
Yellow Bittern,11,65,2015,2025,2229,0.008262752790463877,5.445733267984534e-05,0.03597122302158273
Swinhoe's White-eye,11,67,2015,2025,1940,0.0029326611984690255,4.410143329658214e-05,0.009908536585365854
Zitting Cisticola,11,87,2015,2025,1543,0.00396659411686373,4.643387815750371e-05,0.018518518518518517
Black-naped Oriole,11,54,2015,2025,1360,0.004417663986782787,0.00010610642474401825,0.015739769150052464
Yellow-rumped Flycatcher,11,49,2015,2025,1350,0.004115721503774427,0.00011936022917164001,0.015403201449713078
Dark-sided Flycatcher,11,43,2015,2025,1238,0.004321687830797441,0.00012858428700012858,0.020689655172413793
Eurasian Siskin,11,70,2015,2026,1019,0.0015938982716544997,4.7384382107657316e-05,0.006067961165048544
Medium Egret,11,64,2016,2026,1013,0.00213395516757287,6.220452848967405e-05,0.014861995753715499
Common Shelduck,11,80,2015,2026,981,0.0015339579255467764,6.333924499619965e-05,0.006169575180680416
Wood Sandpiper,11,54,2015,2025,954,0.0030538564630817103,6.932889628397117e-05,0.01382636655948553
Long-tailed Tit,11,31,2015,2026,951,0.002418575671028988,4.7384382107657316e-05,0.012601981351981352
Asian Brown Flycatcher,11,44,2015,2025,929,0.002897710997860109,4.7384382107657316e-05,0.018480492813141684
Pied Avocet,11,61,2015,2026,834,0.0014977416341876372,6.535093451836362e-05,0.005271955767005272
Thick-billed Warbler,11,48,2015,2025,806,0.002182925445010459,5.445733267984534e-05,0.010526315789473684
Asian Koel,11,39,2015,2025,779,0.0030038456730209213,9.476876421531463e-05,0.013888888888888888
Whiskered Tern,11,51,2015,2025,610,0.001752786402359986,4.531242919932937e-05,0.00667779632721202
Yellow-streaked Warbler,11,48,2015,2025,607,0.002314300156696366,4.531242919932937e-05,0.011751844766329598
Chinese Sparrowhawk,11,50,2015,2025,513,0.0013570116061446078,5.305321237200913e-05,0.0062402496099844
Temminck's Stint,11,42,2015,2025,495,0.0016433052574905747,4.643387815750371e-05,0.0072666294019005035
Little Heron,11,53,2015,2025,427,0.0017615474178120242,5.445733267984534e-05,0.009966777408637873
Forest Wagtail,11,40,2015,2025,417,0.0017305120617113177,7.426661715558857e-05,0.016789087093389297
Pallas's Grasshopper Warbler,11,43,2015,2025,417,0.0018228235796944252,0.0001575795776867318,0.009259259259259259
Lapland Longspur,11,48,2015,2026,411,0.0023525429811376516,4.652894100130281e-05,0.020935960591133004
Lanceolated Warbler,11,44,2015,2025,410,0.0012371715323199008,6.89893066574681e-05,0.004712041884816754
White-winged Redstart,11,47,2015,2025,402,0.0022886327435923622,9.286775631500742e-05,0.018691588785046728
Chestnut Bunting,11,29,2015,2025,384,0.001224440907626981,9.062485839865875e-05,0.005991611743559017
Relict Gull,11,43,2015,2026,384,0.0013793321025056767,9.0711175616836e-05,0.008198248555990311
Black-tailed Godwit,11,41,2015,2026,353,0.001319094505119017,4.531242919932937e-05,0.007311129163281885
Greater White-fronted Goose,11,48,2015,2026,350,0.0008569258421731869,3.267546725918181e-05,0.0051813471502590676
Eyebrowed Thrush,11,37,2015,2025,341,0.0010835397335425857,4.410143329658214e-05,0.004103967168262654
Mute Swan,11,36,2015,2026,303,0.0011037075277890549,7.426661715558857e-05,0.0042796005706134095
Oriental Stork,11,41,2015,2026,296,0.0008223612882773877,3.267546725918181e-05,0.005815362248606736
Baikal Bush Warbler,11,35,2015,2025,292,0.0012070734531497835,4.531242919932937e-05,0.009198423127463863
Hair-crested Drongo,11,45,2015,2025,289,0.0013157941753868744,6.932889628397117e-05,0.005436424041075204
Caspian Tern,11,40,2015,2026,283,0.0010956516188051406,5.291565244999471e-05,0.005962362586174772
Greater Scaup,11,25,2015,2026,238,0.00152923541834696,3.267546725918181e-05,0.015151515151515152
Himalayan Owl,11,51,2016,2026,236,0.0006506780544440072,4.410143329658214e-05,0.003567078475726466
Phylloscopus sp.,11,58,2016,2026,230,0.0005081129185199794,4.033396523212197e-05,0.0020495621389975778
Long-tailed Duck,11,19,2015,2025,223,0.0022712053730836825,4.199386889514131e-05,0.009861932938856016
Great Bustard,11,43,2015,2025,208,0.0011224336925290763,4.410143329658214e-05,0.006644518272425249
White-breasted Waterhen,11,44,2015,2025,206,0.0007805114776159107,9.476876421531463e-05,0.004182350480970306
snipe sp.,11,55,2015,2026,193,0.0006166989162171851,4.199386889514131e-05,0.0028922631959508315
Pallas's Gull,11,35,2015,2026,186,0.0006793963085661524,3.267546725918181e-05,0.002751031636863824
Koklass Pheasant,11,45,2015,2026,170,0.0007803539942832962,3.267546725918181e-05,0.006546644844517185
Dunlin,11,23,2016,2026,169,0.0009622016475197852,3.267546725918181e-05,0.003912800447177194
Gray-backed Thrush,11,35,2016,2026,165,0.0007300505099439405,3.267546725918181e-05,0.0032733224222585926
Little Tern,11,34,2015,2025,160,0.0006803604855291238,6.89893066574681e-05,0.0028125
Black-capped Kingfisher,11,41,2015,2025,157,0.0011728971748189833,6.949753283758427e-05,0.005246589716684155
White-capped Redstart,11,31,2016,2026,155,0.0010888889682489468,6.436248954109545e-05,0.005482456140350877
Blue Rock-Thrush,11,28,2015,2025,141,0.0011368816309615035,4.5355587808418e-05,0.0030202355783751134
Ashy Minivet,11,30,2016,2026,137,0.0005425742134558277,5.305321237200913e-05,0.0027359781121751026
Gray-sided Thrush,11,31,2015,2025,134,0.0009297907846579713,9.0711175616836e-05,0.003436426116838488
White-bellied Redstart,11,19,2015,2025,117,0.0019764847557479453,4.199386889514131e-05,0.010309278350515464
Oriental Plover,11,23,2015,2026,111,0.0009636214460529207,4.199386889514131e-05,0.005836575875486381
Chukar,11,44,2015,2026,110,0.0008974917306715801,4.070335395636601e-05,0.007575757575757576
Collared Finchbill,11,34,2015,2026,97,0.0006060747463534463,4.5355587808418e-05,0.0021929824561403508
Gray-streaked Flycatcher,11,20,2015,2025,87,0.0007215237725327605,6.89893066574681e-05,0.0034482758620689655
Ruddy-breasted Crake,11,23,2015,2025,82,0.0019049136528453729,3.267546725918181e-05,0.02102496714848883
Red-flanked Bluetail,10,56,2016,2026,1271,0.0015321775639049833,4.199386889514131e-05,0.009153110698264534
Black-winged Kite,10,76,2016,2026,1176,0.0013705154776708494,6.949753283758427e-05,0.00612725844461901
Himalayan Cuckoo,10,22,2016,2025,384,0.002226595192366303,0.00015710919088766692,0.009838753757857338
crow sp.,10,74,2017,2026,319,0.0007771314949772632,4.643387815750371e-05,0.004106776180698152
Emberiza sp.,10,56,2017,2026,311,0.0004919939031003808,7.284382284382284e-05,0.0025217790004585052
Alpine Accentor,10,49,2017,2026,303,0.0009178145234758475,4.070335395636601e-05,0.0052585451358457495
Red-necked Stint,10,35,2015,2025,302,0.0016311536659217305,4.5355587808418e-05,0.009206607094503114
Swinhoe's/Pin-tailed Snipe,10,33,2015,2025,270,0.0011383560556857588,8.140670791273201e-05,0.006227998916869754
Dollarbird,10,39,2016,2025,266,0.001049548815272693,0.00012113870381586917,0.0032305433186490457
Long-toed Stint,10,31,2015,2025,258,0.0013366509435103248,4.7384382107657316e-05,0.0077170418006430866
Bull-headed Shrike,10,49,2017,2026,248,0.0007601162893556646,4.410143329658214e-05,0.004573170731707317
Blyth's Pipit,10,33,2015,2025,242,0.001100772904420821,5.305321237200913e-05,0.0043890865954922895
Alstr√∂m's Warbler,10,23,2015,2025,233,0.0012721049294110915,4.7384382107657316e-05,0.004629629629629629
Crested Lark,10,51,2017,2026,208,0.0008313962220483895,3.267546725918181e-05,0.006392694063926941
Zappey's Flycatcher,10,20,2016,2025,203,0.0014593240617261668,0.00013899506567516853,0.0045303533675626695
Red Crossbill,10,28,2015,2025,198,0.0008952586419601617,7.426661715558857e-05,0.0033222591362126247
Horned Grebe,10,22,2016,2026,193,0.0011204740839576806,6.932889628397117e-05,0.006524659374400307
White-winged Tern,10,40,2015,2025,186,0.0010907516346713886,5.445733267984534e-05,0.008347245409015025
Redwing,10,15,2016,2026,178,0.0017100584429611374,6.436248954109545e-05,0.006053268765133172
Schrenck's Bittern,10,29,2016,2025,160,0.002264500409205687,5.305321237200913e-05,0.020689655172413793
Northern Shrike,10,28,2017,2026,159,0.0006726931619817767,4.652894100130281e-05,0.002282453637660485
White-throated Rock-Thrush,10,28,2015,2025,155,0.0006627634805514502,7.426661715558857e-05,0.002718212020537602
Rosy Pipit,10,35,2015,2026,147,0.0007774303426238061,4.070335395636601e-05,0.004629629629629629
Eurasian Curlew,10,33,2017,2026,146,0.00048140475526732877,3.267546725918181e-05,0.0015864621893178213
Asian House-Martin,10,41,2016,2025,123,0.0006689857042991594,4.531242919932937e-05,0.0034482758620689655
Meadow Pipit,10,25,2015,2026,111,0.0009315492198772827,3.267546725918181e-05,0.007022023619533993
Mongolian Short-toed Lark,10,20,2016,2025,107,0.000611900330441685,4.199386889514131e-05,0.0016776764181608472
White-backed Woodpecker,10,35,2017,2026,98,0.00041665765151041963,4.033396523212197e-05,0.0016428295322767684
White-throated Needletail,10,27,2015,2025,93,0.000568222307135158,5.9680114585820004e-05,0.0035087719298245615
Cinnamon Bittern,10,22,2016,2025,85,0.0015838580365712272,5.291565244999471e-05,0.014388489208633094
Amur Paradise-Flycatcher,10,18,2015,2025,82,0.0012706007339712629,3.267546725918181e-05,0.007345225603357817
Eurasian Whimbrel,10,19,2015,2025,82,0.0005951448722876493,5.9680114585820004e-05,0.0029958058717795086
Blue Whistling-Thrush,10,21,2016,2025,79,0.0006626929610115546,4.199386889514131e-05,0.0019130910084722602
Pale-legged Leaf Warbler,10,21,2015,2026,65,0.00029233485838772087,4.070335395636601e-05,0.0007657945118059987
Brown-eared Bulbul,10,18,2015,2026,63,0.0020440830360795963,7.681081496274676e-05,0.019933554817275746
Japanese Grosbeak,10,21,2016,2026,62,0.0013863090058601419,4.199386889514131e-05,0.015810276679841896
duck sp.,10,26,2017,2026,55,0.00023089626451928047,3.267546725918181e-05,0.0008756567425569177
Qilian Bluetail,10,12,2015,2025,47,0.0011565296849086518,4.199386889514131e-05,0.003436426116838488
Booted Eagle,9,28,2017,2026,246,0.0006408354051119427,5.291565244999471e-05,0.0016765598803751868
Redpoll,9,28,2015,2026,217,0.0010908952560077657,4.410143329658214e-05,0.004300634855621544
Horned Lark,9,19,2015,2025,142,0.0024493433906246135,7.196315486470927e-05,0.013546798029556651
Lesser Black-backed Gull,9,27,2016,2026,118,0.0005499809886722881,8.140670791273201e-05,0.004509582863585118
falcon sp.,9,36,2018,2026,109,0.00026162875525268436,4.410143329658214e-05,0.000836470096194061
Steppe Eagle,9,18,2018,2026,92,0.0005622122357389031,5.445733267984534e-05,0.001753826530612245
Lesser Whitethroat,9,15,2015,2025,88,0.0015758218566684981,7.426661715558857e-05,0.007575757575757576
Hooded Crane,9,20,2015,2025,76,0.0006114934798622032,6.20462865297512e-05,0.003556345854634363
Asian Rosy-Finch,9,15,2015,2026,75,0.0012825523475600725,7.100759781296599e-05,0.0038910505836575876
woodpecker sp.,9,29,2017,2026,74,0.0002458591638515973,4.531242919932937e-05,0.0008756567425569177
Pale Thrush,9,24,2016,2026,72,0.0006283661901198851,6.20462865297512e-05,0.0029055690072639223
harrier sp.,9,26,2017,2026,72,0.0002399328776583611,3.267546725918181e-05,0.0005732301519059903
Marsh Grassbird,9,13,2016,2025,56,0.0007952332413041068,6.89893066574681e-05,0.005357705641348881
cuckoo sp. (Cuculidae sp.),9,24,2017,2025,51,0.0005860880496227015,5.291565244999471e-05,0.0031479538300104933
Pin-tailed Snipe,9,12,2017,2025,43,0.0005067568089924137,3.267546725918181e-05,0.0019524316648917288
Yellow-legged Buttonquail,9,15,2015,2025,42,0.00209640095968248,0.00011364927832708262,0.01335559265442404
Lesser Kestrel,9,16,2017,2025,30,0.0002660562835768199,5.291565244999471e-05,0.001524390243902439
Water Rail,8,24,2015,2026,340,0.001835733219999268,6.220452848967405e-05,0.005175388154111558
white-eye sp.,8,36,2015,2024,311,0.001284064839895011,5.445733267984534e-05,0.004573170731707317
Dalmatian Pelican,8,10,2015,2026,269,0.00230206397121975,5.445733267984534e-05,0.0062431614854862585
Dusky x Naumann's Thrush (hybrid),8,32,2016,2026,229,0.0005510634770709177,8.464533604198409e-05,0.001976284584980237
Graylag x Swan Goose (hybrid),8,39,2016,2026,216,0.0004079852374595652,4.652894100130281e-05,0.0011904761904761906
Solitary Snipe,8,17,2016,2026,161,0.0014506445234728094,8.066793046424393e-05,0.006578947368421052
Chinese Bush Warbler,8,24,2018,2025,115,0.000512864707129714,6.535093451836362e-05,0.0020794652803564797
Blunt-winged Warbler,8,12,2016,2025,112,0.001564407250258635,6.949753283758427e-05,0.006437768240343348
Lesser Cuckoo,8,18,2017,2025,96,0.0009119547069698711,6.949753283758427e-05,0.0034871244635193135
Rufous-backed Bunting,8,13,2015,2024,91,0.004542480369054413,8.140670791273201e-05,0.019762845849802372
Scaly-sided Merganser,8,16,2016,2026,90,0.00069387923590591,4.070335395636601e-05,0.003236245954692557
Black-throated x Red-throated Thrush (hybrid),8,26,2016,2026,83,0.00032128639205275365,4.033396523212197e-05,0.0014756517461878996
diurnal raptor sp.,8,33,2018,2026,83,0.00022193044371885895,4.199386889514131e-05,0.0005732301519059903
Ruddy Turnstone,8,12,2015,2024,80,0.0017121187780861716,4.5355587808418e-05,0.006335010247810695
hawk sp.,8,27,2018,2026,69,0.0001935005473162412,4.199386889514131e-05,0.0005732301519059903
Yellowhammer,8,9,2015,2026,68,0.0008598538555690026,6.220452848967405e-05,0.0035971223021582736
pipit sp.,8,26,2017,2026,68,0.0002266286977898532,4.652894100130281e-05,0.0010869565217391304
Terek Sandpiper,8,15,2017,2024,67,0.0006416386291390601,7.641754546843955e-05,0.0028938906752411574
Pied Wheatear,8,14,2017,2026,59,0.000743361540430365,0.0001268874508311128,0.004909983633387889
Cuculus sp.,8,20,2018,2025,58,0.0004127558438806825,3.267546725918181e-05,0.0012547051442910915
Sharp-tailed Sandpiper,8,18,2017,2024,54,0.0005140781857415611,4.5355587808418e-05,0.0014182161991805862
Slaty-backed Flycatcher,8,13,2016,2025,48,0.0006797184168101376,4.199386889514131e-05,0.0021598272138228943
Black-bellied Plover,8,16,2015,2024,44,0.0007055717135422297,5.445733267984534e-05,0.00333889816360601
Crested Goshawk,8,18,2017,2026,40,0.00017429037933757195,4.5355587808418e-05,0.0005757052389176742
Brown Eared-Pheasant,8,15,2018,2026,39,0.0003375228026796732,5.291565244999471e-05,0.001256281407035176
Stejneger's Scoter,8,9,2015,2025,36,0.0010061681129692483,4.199386889514131e-05,0.003289473684210526
swallow sp.,8,17,2015,2026,36,0.0003957278900551798,3.267546725918181e-05,0.003436426116838488
Siberian House-Martin,8,14,2015,2025,29,0.0004876199284939274,4.531242919932937e-05,0.0035971223021582736
Northern Boobook,8,11,2016,2025,27,0.0008370330524110919,5.445733267984534e-05,0.0035971223021582736
gull sp.,8,13,2018,2026,22,0.00016582608097890598,3.267546725918181e-05,0.0006018657839301836
European Robin,7,12,2019,2026,278,0.0023574541251737374,4.070335395636601e-05,0.007022023619533993
Red-breasted Flycatcher,7,18,2016,2025,230,0.0016359145062308253,8.609556607834697e-05,0.006104893164369624
Eastern Spot-billed Duck x Mallard (hybrid),7,32,2019,2026,184,0.0003960869476547935,4.7384382107657316e-05,0.001591289782244556
thrush sp.,7,30,2018,2026,171,0.0003783966950694344,4.199386889514131e-05,0.0013865779256794233
Eurasian Treecreeper,7,14,2019,2025,119,0.0008779330164484956,4.643387815750371e-05,0.0034965034965034965
Manchurian Reed Warbler,7,18,2019,2025,114,0.000776716003237272,6.932889628397117e-05,0.005235602094240838
Pallas's Sandgrouse,7,12,2015,2024,104,0.0015080969535723593,6.333924499619965e-05,0.009985734664764621
Black-legged Kittiwake,7,12,2016,2025,98,0.0013684025304342498,4.531242919932937e-05,0.007232084155161078
Domestic goose sp. (Domestic type),7,31,2015,2026,89,0.0003504493935674373,4.199386889514131e-05,0.003436426116838488
Mugimaki Flycatcher,7,9,2018,2025,71,0.0010358835648337267,0.00012113870381586917,0.006592146746918888
Northern Hawk-Cuckoo,7,9,2017,2025,65,0.0012148483840609683,9.802640177754542e-05,0.003369839932603201
Tundra/Whooper Swan,7,17,2019,2026,60,0.00023701586368964628,3.267546725918181e-05,0.0005549902876699658
Broad-billed Sandpiper,7,12,2017,2024,58,0.0011115162511607399,4.199386889514131e-05,0.003215434083601286
crow/raven sp.,7,21,2019,2026,53,0.00018323596540674664,4.199386889514131e-05,0.0005107726597325409
Ruff,7,10,2019,2026,52,0.0005296529669917457,9.476876421531463e-05,0.0017692852087756545
Marsh/Willow Tit,7,24,2019,2026,47,0.00014399249624187313,4.033396523212197e-05,0.00033500837520938025
Siberian Thrush,7,10,2017,2025,46,0.0004084584048941471,9.0711175616836e-05,0.0012053379250968575
Collared Crow,7,14,2016,2025,33,0.00040330673179218764,5.305321237200913e-05,0.001557632398753894
Brownish-flanked Bush Warbler,7,12,2018,2025,25,0.00047206107490959233,4.5355587808418e-05,0.0022865853658536584
Greater Painted-Snipe,7,10,2017,2025,25,0.0007240600881977001,4.531242919932937e-05,0.002053388090349076
Pechora Pipit,7,10,2016,2025,25,0.0005803522322873712,5.291565244999471e-05,0.0035714285714285713
goose sp.,7,13,2019,2026,24,0.00016127095523162064,6.333924499619965e-05,0.00028661507595299513
swan sp.,7,12,2019,2026,22,0.00020046357896485732,4.7384382107657316e-05,0.0007383187427486552
Oriental Cuckoo,7,8,2017,2025,19,0.00025524956244743404,4.5355587808418e-05,0.0007861635220125787
Blue-and-white Flycatcher,7,8,2018,2025,12,0.00032102059472585183,6.89893066574681e-05,0.0005465974309920743
Zosterops sp.,6,19,2018,2025,235,0.000729645540565365,5.305321237200913e-05,0.0024265113699389906
Turdus sp.,6,27,2019,2024,128,0.000586795911028031,0.00010485477613505295,0.0015943877551020409
Eurasian Bullfinch,6,9,2019,2026,127,0.001034495528552747,4.033396523212197e-05,0.0031663788140472078
Lesser White-fronted Goose,6,8,2017,2025,86,0.0008359019548533078,0.00018573551263001485,0.0016428295322767684
Swinhoe's Snipe,6,9,2020,2025,63,0.0007272037872731043,4.5355587808418e-05,0.004545971133083305
Indian Peafowl,6,16,2018,2026,43,0.00022651582375165136,3.267546725918181e-05,0.0007230657989877079
Chestnut-winged Cuckoo,6,9,2019,2025,42,0.0006498765042534516,0.00012451749470800648,0.0016495368608044664
wagtail sp.,6,10,2015,2025,29,0.0003551821098339295,5.445733267984534e-05,0.001669449081803005
bird sp.,6,15,2018,2026,28,0.000164974244029226,4.070335395636601e-05,0.0006284367635506677
Red-billed Leiothrix,6,11,2016,2022,26,0.0005668638246774611,0.00013042911177774878,0.0013149243918474688
Brown-rumped Minivet,6,8,2017,2024,25,0.0012139690929937456,0.00021166260979997884,0.004197271773347324
Red Collared-Dove,6,9,2015,2025,13,0.00022363328156126773,4.199386889514131e-05,0.0005991611743559018
shrike sp.,6,7,2015,2026,8,0.0003540527948646521,4.643387815750371e-05,0.0012315270935960591
Carrion/Large-billed Crow,5,18,2021,2026,139,0.0004809021324607416,9.476876421531463e-05,0.0015201418799087915
Fieldfare,5,10,2022,2026,119,0.0012230344544724512,5.305321237200913e-05,0.0041381792011514935
Red-necked Grebe,5,7,2020,2025,80,0.0014699669631070315,4.531242919932937e-05,0.005420827389443652
Ibisbill,5,7,2016,2026,63,0.0029998384692885545,9.663703131039814e-05,0.013641133263378805
Ferruginous Duck x Baer's Pochard (hybrid),5,20,2022,2026,61,0.00020802291470628991,6.220452848967405e-05,0.0005273705305347537
Pheasant-tailed Jacana,5,8,2020,2025,49,0.0011962797611535106,4.199386889514131e-05,0.0057361376673040155
Pied Kingfisher,5,13,2018,2025,39,0.0006080272309207997,3.267546725918181e-05,0.0032720865844450037
Bohemian/Japanese Waxwing,5,12,2021,2026,32,0.00016323057976344168,4.033396523212197e-05,0.0004187604690117253
Lesser Coucal,5,8,2020,2025,30,0.0006255182198148071,3.267546725918181e-05,0.002670856245090338
Little Curlew,5,13,2019,2024,27,0.0002892911189407999,4.199386889514131e-05,0.0016769144773616546
Asian Dowitcher,5,6,2015,2024,23,0.001355827532153005,4.5355587808418e-05,0.003536977491961415
rosefinch sp.,5,9,2021,2026,22,0.00017465105854275176,3.267546725918181e-05,0.0004433747149733975
Black-winged Cuckooshrike,5,6,2019,2024,15,0.00028864518404579973,4.5355587808418e-05,0.0008047210300429185
Western/Eastern Yellow Wagtail,5,8,2018,2022,15,0.0002177295019241368,6.949753283758427e-05,0.0007452953232718465
shorebird sp.,5,12,2021,2026,14,8.933798204682807e-05,3.267546725918181e-05,0.00019190174630589137
small falcon sp.,5,9,2018,2023,14,0.00018140991060596598,5.291565244999471e-05,0.0003726476616359232
Greenish/Two-barred Warbler,5,5,2018,2024,13,0.0004234377700594708,0.00024903498941601296,0.000906070673512534
Acrocephalus sp.,5,9,2018,2025,12,0.00015800902605648374,6.333924499619965e-05,0.00034644032565390613
rail/crake sp.,5,5,2019,2025,12,0.00021557441160152723,3.267546725918181e-05,0.00040958427196395656
Masked Laughingthrush,5,6,2021,2026,11,0.00013306117474532454,4.070335395636601e-05,0.00040703353956366003
Scolopacidae sp.,5,7,2019,2025,11,9.323242211197443e-05,4.531242919932937e-05,0.0001863238308179616
owl sp.,5,7,2020,2026,10,0.00010934680190097541,4.070335395636601e-05,0.00026574541589157585
Aythya sp.,5,5,2015,2026,7,0.00045351494584514187,4.033396523212197e-05,0.0011494252873563218
Siberian Crane,4,6,2022,2026,80,0.0007383059066504963,4.033396523212197e-05,0.0024145616641901933
Muscovy Duck,4,22,2021,2026,78,0.00026702353112047293,3.267546725918181e-05,0.0006700167504187605
Arctic Loon,4,6,2016,2024,73,0.0024150975841195762,0.00013287270794578793,0.0053523639607493305
Japanese Thrush,4,9,2017,2025,73,0.0014960458703927866,0.00013070186903672723,0.005506607929515419
Rufous-faced Warbler,4,6,2020,2025,65,0.0007579057239867193,4.199386889514131e-05,0.0019694437813320602
pigeon/dove sp.,4,19,2017,2026,42,0.00019361915625165684,4.652894100130281e-05,0.0008756567425569177
Japanese Scops-Owl,4,9,2018,2025,40,0.00045356524047010017,3.267546725918181e-05,0.0018677624206200972
Sanderling,4,6,2016,2022,38,0.001536362607739188,9.0711175616836e-05,0.005415651232060655
Gray-headed Canary-Flycatcher,4,4,2022,2026,27,0.00039009389017990136,4.070335395636601e-05,0.0014323227500596801
Anser sp.,4,13,2023,2026,26,0.0001238278676798534,6.333924499619965e-05,0.00021782933071938136
Buteo sp.,4,11,2021,2026,24,0.00018824820716389,4.070335395636601e-05,0.0004045307443365696
Demoiselle Crane,4,7,2020,2025,23,0.00029180170364427263,5.9680114585820004e-05,0.000739987050226621
Pallas's/Reed Bunting,4,12,2023,2026,20,9.157697790887976e-05,3.267546725918181e-05,0.00024200379139273183
myna/starling sp.,4,8,2018,2026,18,0.00020946003102374045,4.033396523212197e-05,0.0007230657989877079
Bearded Vulture,4,6,2016,2023,16,0.0005345677570093198,0.00010547410610695074,0.0012594458438287153
Larus sp.,4,7,2021,2026,15,0.000203276987801329,4.070335395636601e-05,0.000836470096194061
Common Pochard x Ferruginous Duck (hybrid),4,6,2022,2026,14,0.0001356365623176824,6.220452848967405e-05,0.00032267172185697574
Water/Siberian/American Pipit,4,7,2019,2022,14,0.00034771732364794193,0.0002022653721682848,0.00047831632653061223
finch sp.,4,6,2023,2026,13,0.0001228233770707102,4.070335395636601e-05,0.00019001773498859893
white egret sp.,4,8,2018,2026,12,0.00013287478936698123,4.033396523212197e-05,0.0005324813631522897
Black-throated/Red-throated Thrush,4,6,2023,2026,11,0.00011631581523884392,5.445733267984534e-05,0.00021302279343889797
dabbling duck sp.,4,6,2022,2026,11,0.00012305150249871823,6.535093451836362e-05,0.0002774951438349829
Ferruginous Duck/Baer's Pochard,4,5,2021,2026,9,0.00011312685849550145,4.652894100130281e-05,0.0002084925985127528
Japanese Leaf/Arctic/Kamchatka Leaf Warbler,4,4,2017,2021,8,0.00047486212788629936,0.00015943877551020407,0.0009652509652509653
White-crowned Penduline-Tit,3,8,2024,2026,74,0.000672281484787275,8.820286659316427e-05,0.0017751899453241496
Cotton Pygmy-Goose,3,5,2017,2024,60,0.0033371024434574238,0.0005434782608695652,0.010135135135135136
Common Chiffchaff,3,5,2020,2023,31,0.0013035442632538645,5.305321237200913e-05,0.005061155630535639
parid sp.,3,12,2024,2026,29,0.0001532965607958781,3.267546725918181e-05,0.00038003546997719787
Dendrocopos sp.,3,13,2024,2026,20,9.678590401040144e-05,4.199386889514131e-05,0.00031421838177533385
muscicapid sp.,3,6,2024,2026,9,0.00010631410460951006,4.531242919932937e-05,0.00022729855665416524
Mallard x Northern Pintail (hybrid),3,6,2023,2025,7,7.518116515040813e-05,4.199386889514131e-05,0.00010547410610695074
heron sp.,3,4,2024,2026,7,0.0001298867552690617,0.00011364927832708262,0.00015710919088766692
Calidris sp.,3,3,2022,2024,6,0.0001207026607466714,5.305321237200913e-05,0.000181422351233672
Imperial Eagle,3,3,2023,2025,6,0.0001373797877635218,6.932889628397117e-05,0.00025218560860793546
Great/Medium Egret,3,3,2023,2025,4,0.00017996920281853644,0.00013865779256794233,0.000244140625
